Number,Lemma,PoS,IPM,R,D,Doc,root,root_IPM,imageability,emotional_valence,is_profane,ranking_score
10482,жизнь,s,1389.8,100,96,14894,жи,3660.6,5,4,0,9294.421957
12872,идти,v,957.1,100,96,13815,и-1,5267.6,3,3,0,8981.420787
41425,стоять,v,419.3,100,93,5109,ста(j),12093.6,4,3,0,7355.562028
37378,рука,s,1200.6,100,94,10370,рук,1646.1,5,3,0,7223.248399
17781,лицо,s,878.0,100,91,10267,лик-1,2244.7,5,3,0,7215.473765
9414,дом,s,792.6,100,96,10527,дом,1296.3,5,4,0,6361.338558
8578,день,s,1258.4,100,97,17383,ден,1412.2,4,3,0,6132.335293
9823,друг,s,874.2,100,97,9689,друг,1701.3,4,5,0,5678.157783
4179,видеть,v,818.2,100,96,9914,вид,3210.8,4,3,0,5462.477665
39509,слово,s,967.9,100,96,14564,слав-1,1882.4,4,3,0,5424.319344
7168,глаз,s,857.6,100,93,7664,глаз,931.3,5,3,0,5174.762381
35048,работа,s,1058.3,100,95,18222,раб,2784.6,3,3,0,5149.998021
7380,голова,s,709.4,100,93,6937,глав,1902.6,5,3,0,4685.303424
7571,город,s,573.4,100,96,10646,гораж,1478.2,5,3,0,4622.281572
7349,год,s,3727.5,100,94,29477,год,4245.5,1,3,0,4475.33728
10782,завод,s,164.0,100,93,3940,важ-2,4275.9,5,3,0,4330.918474
10360,жена,s,376.8,100,94,4361,жен,1144.4,5,4,0,4226.663039
17390,лежать,v,318.1,100,94,5232,лаг,4386.6,4,3,0,4143.782886
2753,большой,a,944.4,100,97,17589,бол-2,2905.7,3,3,0,4141.363815
21041,народ,s,385.6,100,95,6870,род,2504.3,4,4,0,4139.376612
19330,мир,s,714.7,100,95,12334,мир-1,1147.6,3,4,0,4075.394684
41446,страна,s,725.7,100,93,14384,сторон,2506.9,3,4,0,4046.395429
41345,стол,s,402.5,100,94,4738,сл-2,835.4,5,3,0,3919.477527
38801,сидеть,v,538.1,100,94,5916,сад,2104.1,4,3,0,3792.169464
28451,писать,v,444.3,100,96,6914,пис,2500.2,4,3,0,3761.890216
12619,знак,s,108.0,100,95,3241,зна(j),4761.2,4,3,0,3668.336382
23324,нога,s,459.2,100,93,5061,ног,557.5,5,3,0,3623.873514
38813,сила,s,645.8,100,97,12231,сил-1,1203.0,3,4,0,3525.67134
46831,час,s,468.1,100,98,8561,час,649.5,4,3,0,3381.255073
37591,сад,s,135.8,100,90,2783,сад,2104.1,4,3,0,3305.445862
4604,вода,s,484.8,100,96,6606,вод-2,791.4,4,3,0,3277.646367
7411,голос,s,424.5,100,93,5099,глас,1237.7,4,3,0,3236.965651
30433,полный,a,390.6,100,98,10687,полн,1836.4,4,3,0,3140.803133
8223,дверь,s,450.8,100,92,4289,двер,502.9,5,3,0,3066.482724
15214,книга,s,413.9,100,96,5659,книг,539.9,5,4,0,3054.521524
24845,окно,s,280.8,100,93,3883,ок,462.5,5,3,0,3041.49922
38118,свет,s,359.7,100,95,6490,свес,854.5,4,4,0,3017.615476
43127,точка,s,232.2,100,94,7224,тк,917.9,5,3,0,3015.834353
19975,муж,s,263.0,100,88,3319,муж,832.5,4,3,0,3005.632179
48689,язык,s,324.9,100,96,6036,язык,370.1,5,3,0,2987.057259
16741,круг,s,157.4,100,97,5010,круг,751.1,5,3,0,2975.343681
45141,утро,s,301.3,100,95,4993,утр-1,358.4,5,3,0,2914.448447
1955,белый,a,339.6,100,95,5693,бел,509.6,5,4,0,2856.0175
29918,поезд,s,93.3,100,94,1973,езд,1769.4,5,3,0,2822.072957
42485,тело,s,285.9,100,92,4943,тел-1,317.0,5,3,0,2804.194669
10227,ехать,v,198.2,100,95,3686,езд,1769.4,4,3,0,2772.682979
16824,крыша,s,85.0,100,95,2423,кров-2,1788.0,5,3,0,2764.461432
39416,след,s,86.9,100,95,2459,след,2659.2,4,3,0,2722.849885
44419,улица,s,337.8,100,96,6496,ул-1,413.1,5,3,0,2707.451129
45183,ухо,s,139.3,100,92,2644,ух-1,286.2,5,3,0,2698.509942
23429,ночь,s,402.8,100,95,5349,ноч-2,555.0,4,3,0,2691.259898
30232,пол,s,181.9,100,94,3533,пол-5,851.3,4,3,0,2670.802718
47180,читать,v,304.4,100,96,5215,ч-3,2571.1,3,3,0,2654.013105
15193,ключ,s,78.0,100,95,2168,клюк-1,888.7,5,3,0,2653.137028
24584,одеяло,s,38.8,98,91,1086,де(j),5985.7,5,4,0,2645.754626
33122,природа,s,169.9,100,93,4373,род,2504.3,5,5,0,2630.721792
42381,театр,s,305.3,100,89,3128,театр,396.3,5,4,0,2617.428551
9553,дорога,s,330.1,100,96,6034,дорог-2,657.2,5,3,0,2597.310087
18082,любовь,s,323.9,100,91,5147,люб,1326.0,4,5,0,2566.067801
2896,брат,s,203.0,100,95,3497,брат,283.2,5,5,0,2559.079559
23391,нос,s,138.8,100,92,2546,нос-1,201.9,5,3,0,2553.312903
30256,поле,s,180.2,100,95,4716,пол-2,285.1,5,4,0,2506.642333
6338,высокий,a,483.3,100,96,12042,выс,1322.7,4,3,0,2498.844838
19797,море,s,159.5,100,95,3188,мор-2,314.6,5,4,0,2496.024107
46809,чай,s,106.8,100,93,2178,ча(j)-2,219.3,5,4,0,2488.679976
37514,рынок,s,283.3,100,92,6951,рынок,329.4,5,3,0,2469.185669
29157,подарок,s,75.4,100,96,2543,да-1,4479.3,5,5,0,2452.883383
21512,небо,s,187.6,100,94,3396,неб,238.8,5,5,0,2446.629836
41212,стена,s,261.0,100,94,4312,стен-2,334.6,5,3,0,2434.311293
15761,конец,s,634.7,100,98,11758,кан,3021.6,3,2,0,2423.487498
37310,рот,s,133.6,99,92,2340,рот-1,137.2,5,3,0,2409.246157
28487,пить,v,200.9,100,93,3381,па-2,773.5,4,3,0,2376.812735
36229,рассказ,s,131.3,100,96,2989,каж-1,6686.7,3,3,0,2342.492943
7336,говорить,v,1755.0,100,96,17120,говар,3110.9,2,3,0,2336.585008
7682,гость,s,192.7,100,95,4202,гащ,364.1,5,3,0,2327.084331
9114,дно,s,71.8,100,94,2035,дн-2,166.1,5,3,0,2291.427609
16485,красный,a,240.5,100,96,4981,крас-1,1104.1,5,3,0,2288.254755
7488,гора,s,115.5,100,95,2847,гор-1,251.6,5,4,0,2281.877408
42099,сын,s,285.1,100,94,4408,сын,327.1,4,4,0,2274.204589
28706,плечо,s,236.4,100,92,3181,плёк,261.3,5,3,0,2269.884285
26791,очки,s,56.0,99,93,1546,ок,462.5,5,3,0,2243.739078
9941,духи,s,22.3,99,94,787,дух,1156.0,5,4,0,2242.231111
23329,нож,s,66.6,100,94,1610,нз,138.1,5,3,0,2231.56525
36808,река,s,131.0,100,94,2698,рек-1,182.2,5,4,0,2217.973462
47554,шея,s,85.3,100,92,1879,ше(j)-1,101.1,5,3,0,2217.890605
1652,бежать,v,143.6,100,93,2758,бег,800.3,5,3,0,2217.009203
39816,снег,s,125.2,100,93,2190,снег,189.1,5,4,0,2215.471462
8020,губа,s,143.0,100,90,1931,губ-2,158.5,5,3,0,2202.202624
17803,лоб,s,78.7,99,91,1697,лб,99.9,5,3,0,2199.008938
26914,палец,s,219.1,100,92,3040,пал-3,233.5,5,3,0,2191.649015
37731,самолет,s,166.1,100,92,2777,"сам,лет-2",1353.9,5,3,0,2185.545207
30383,полка,s,41.9,100,94,1410,"пол-1,пал-2,пол-5",1199.9,5,3,0,2184.779378
18346,мальчик,s,188.0,100,92,2783,мал-1,1158.6,5,4,0,2166.771186
12506,земля,s,494.4,100,96,7260,зем,768.9,3,3,0,2157.954114
28301,печь,s,32.6,100,93,952,пек,593.9,5,3,0,2156.577254
42022,сцена,s,177.2,100,92,2926,сцен,263.5,5,3,0,2156.29323
12544,зима,s,106.0,100,96,3250,зим,170.0,5,3,0,2136.954374
17308,лев,s,64.3,100,93,1660,лев-1,73.2,5,4,0,2108.726238
18006,луч,s,45.4,100,94,1486,луч-1,92.2,5,4,0,2091.142697
40696,спина,s,183.1,100,92,2826,спин,211.2,5,3,0,2088.270528
48505,этаж,s,102.7,100,95,2397,этаж,143.8,5,3,0,2086.09892
1978,берег,s,164.7,100,94,2868,берег-2,230.6,5,4,0,2082.094418
46186,хлеб,s,107.4,100,94,2352,хлеб-1,127.9,5,4,0,2068.81058
47379,шар,s,43.7,100,93,1371,шар-1,75.1,5,3,0,2057.794235
5028,вопрос,s,805.8,100,95,15789,праш,2326.7,2,3,0,2053.880093
4778,воздух,s,192.2,100,96,4322,дух,1156.0,4,3,0,2014.089389
40125,сок,s,35.8,100,90,1224,сач-1,63.0,5,4,0,2013.709733
46672,цепь,s,51.5,100,89,1530,цеп,204.9,5,3,0,2010.898528
17888,лом,s,8.8,95,88,366,лам,248.8,5,3,0,2010.561535
29072,погода,s,51.7,100,96,2085,год,4245.5,4,3,0,2005.50032
11252,закон,s,433.4,100,90,8195,кан,3021.6,2,3,0,2002.631247
24501,огонь,s,139.8,100,95,3062,огн,209.3,5,4,0,1998.695845
18834,мел,s,8.1,92,87,385,мал-4,224.9,5,3,0,1992.065672
47652,школа,s,316.0,100,95,6058,школ,430.0,4,3,0,1990.166656
42113,сыр,s,19.5,99,92,792,сыр,80.2,5,4,0,1977.95779
17542,лететь,v,82.9,99,94,2146,лет-2,807.5,5,4,0,1976.193114
38163,свеча,s,31.6,100,93,1068,свес,854.5,5,3,0,1975.132115
38441,седло,s,12.8,93,88,378,сад,2104.1,5,3,0,1974.389136
47327,шаг,s,203.8,100,96,4988,шаг,277.3,4,3,0,1969.767842
44835,усы,s,29.4,100,92,935,ус,48.2,5,3,0,1969.398554
19104,мех,s,13.1,97,93,572,мех-1,96.5,5,3,0,1959.996992
20189,мясо,s,71.4,100,95,1848,мяс-1,112.7,5,3,0,1958.815384
3880,ветер,s,140.3,100,93,2716,ветер,181.0,5,3,0,1957.745619
4937,волос,s,141.8,100,92,2310,влас,178.9,5,3,0,1957.456945
37139,рог,s,23.2,100,87,791,рог,51.9,5,3,0,1956.149352
41644,стул,s,87.6,100,92,1809,стул,90.4,5,4,0,1955.955952
6656,газета,s,237.5,100,94,5350,газет,266.2,5,3,0,1954.322544
16448,краска,s,57.1,100,95,1907,крас-1,1104.1,5,3,0,1953.257585
19121,меч,s,33.3,99,83,733,меч-2,33.7,5,3,0,1950.747313
39533,слой,s,77.6,100,90,2571,сла,95.7,5,4,0,1944.704395
9859,дуб,s,17.8,98,89,668,дуб,51.6,5,3,0,1936.378957
19862,мост,s,65.4,100,95,1731,мащ-2,107.4,5,3,0,1935.236275
20207,мяч,s,26.4,98,88,754,мяч,34.0,5,3,0,1934.81988
16248,коса,s,19.1,97,91,649,"каш-1,каш-3,кос-3",366.5,5,3,0,1934.667596
34898,пух,s,10.4,98,93,561,пух,81.9,5,3,0,1931.332174
10122,еж,s,7.5,94,86,308,еж,113.2,5,3,0,1931.119221
7955,грудь,s,138.8,100,91,2307,груд-1,165.5,5,3,0,1930.471158
41852,суп,s,27.2,99,89,873,суп-1,29.0,5,4,0,1926.385126
28268,петь,v,143.2,100,94,2802,пе,547.2,4,4,0,1919.70739
45813,фото,s,32.2,100,90,1341,фото,195.3,5,3,0,1917.204287
48796,ящик,s,75.4,100,94,1810,ящик,78.8,5,3,0,1908.325023
39594,слышать,v,256.1,100,94,4462,слух,1214.8,4,3,0,1894.431515
11615,запад,s,88.9,100,93,2911,па-1,1309.6,4,3,0,1894.230773
17084,куст,s,60.9,99,92,1396,куст,88.5,5,3,0,1893.656943
40206,соль,s,39.4,100,90,1327,сал-2,135.2,5,3,0,1891.941912
41778,судья,s,85.2,100,83,1677,суд-1,1358.8,4,3,0,1890.873444
37199,роза,s,42.7,100,94,1160,роз-1,116.4,5,5,0,1882.000851
9953,душ,s,16.1,97,93,671,душ-2,19.5,5,3,0,1879.733854
20164,мышь,s,37.0,98,86,1009,мыш,130.2,5,3,0,1877.62997
43516,труба,s,82.1,100,95,2194,труб,225.8,5,3,0,1876.542448
40608,спать,v,221.9,100,92,3167,с,509.2,4,4,0,1876.497187
16348,кофе,s,61.6,99,92,1321,кофе(j),77.1,5,4,0,1875.662402
42183,таз,s,13.4,98,87,483,таз,18.8,5,3,0,1871.423946
18105,люк,s,15.2,93,90,486,люк,15.6,5,3,0,1869.294156
31116,порт,s,33.5,100,91,999,порт-3,131.6,5,3,0,1865.589156
10549,жук,s,11.7,91,80,384,жук,16.4,5,3,0,1862.33434
19905,мох,s,8.9,93,90,362,мох,21.3,5,3,0,1861.95799
11343,зал,s,206.3,100,95,3980,зал,220.7,4,3,0,1860.203521
17547,лето,s,135.0,100,96,4302,лет-1,519.2,4,3,0,1858.995751
10560,журнал,s,162.0,100,94,4606,журнал,295.2,5,3,0,1856.049998
17107,кухня,s,120.1,99,93,2462,кух,139.8,5,3,0,1853.516543
15005,кит,s,10.7,95,83,376,кит,12.1,5,4,0,1851.203198
18225,мак,s,6.3,99,89,299,мак-1,17.8,5,4,0,1847.653279
20129,мыло,s,16.6,100,92,718,мо(j),228.3,5,3,0,1846.244756
44273,узел,s,48.6,99,88,1593,уз-1,77.0,5,3,0,1844.694095
2575,боб,s,8.6,87,86,299,боб,10.0,5,3,0,1841.731283
37221,рой,s,3.6,87,91,224,ре-1,22.1,5,3,0,1840.138386
35894,рамка,s,110.6,100,90,5230,рам,142.5,5,3,0,1839.392905
38585,семья,s,276.6,100,96,6153,сем-2,382.4,4,5,0,1838.290402
12785,ива,s,5.2,86,90,264,ив,12.4,5,3,0,1836.134748
17082,кусок,s,76.8,100,95,2191,кус-1,198.5,5,3,0,1832.14442
37078,рис,s,4.8,84,88,230,рис-1,7.6,5,3,0,1827.179404
16851,куб,s,5.7,90,87,278,куб-2,5.7,5,3,0,1825.65
45497,фея,s,5.4,85,85,191,фе,5.4,5,5,0,1824.3
40213,сом,s,2.9,58,79,94,сом,10.0,5,3,0,1824.233242
43141,трава,s,88.7,100,93,2043,трав,165.1,5,4,0,1823.548737
17995,луна,s,45.8,100,91,1200,лун-1,67.6,5,4,0,1822.569719
45456,фен,s,2.0,52,83,85,фен,6.4,5,3,0,1816.099689
40184,солнце,s,165.2,100,94,3127,солн,248.5,5,5,0,1807.840275
21727,неделя,s,242.2,100,96,7197,де(j),5985.7,2,3,0,1806.075086
48594,юла,s,0.5,29,79,36,юл,1.6,5,3,0,1804.024922
47643,шкаф,s,48.4,99,93,1333,шкаф,53.7,5,3,0,1803.924692
37417,руль,s,43.3,99,94,1481,рул,58.7,5,3,0,1801.661499
8364,девочка,s,185.1,100,92,2621,дев,553.9,5,4,0,1800.495511
4544,внук,s,38.6,100,94,1448,внук,61.5,5,4,0,1794.890739
48704,яйцо,s,40.2,99,93,1292,яич,58.4,5,3,0,1793.811455
47620,шить,v,16.0,98,94,766,шв,131.3,5,3,0,1783.337939
3851,весна,s,91.3,100,96,3202,весен,127.8,5,5,0,1778.067077
1443,баня,s,38.5,99,93,1039,бан,50.4,5,4,0,1776.199886
7853,гриб,s,38.3,100,79,1014,гриб,49.7,5,3,0,1774.516933
46735,цирк,s,38.1,98,78,716,цирк,47.5,5,4,0,1770.164626
28159,перо,s,34.5,99,94,1282,пер-2,49.7,5,3,0,1765.63333
3180,бумага,s,155.8,100,96,3570,бумаг,228.1,5,3,0,1765.545595
16080,кора,s,18.8,98,87,617,кор-1,88.7,5,3,0,1763.343075
16575,крест,s,56.4,99,90,1668,крест,189.9,5,3,0,1762.218042
4227,вилка,s,16.0,97,92,708,ви,629.5,5,3,0,1751.25774
47956,щель,s,28.9,98,92,925,щел,47.1,5,3,0,1747.577234
46308,холм,s,32.7,98,92,879,холм,38.2,5,3,0,1741.372699
17744,лифт,s,32.4,98,92,875,лифт,36.6,5,3,0,1737.744111
11500,замок,s,60.8,100,93,1617,мк,152.7,5,3,0,1737.240211
23244,нить,s,22.6,100,94,989,нит,51.8,5,3,0,1736.860805
28744,плот,s,8.0,82,83,197,плач-3,141.9,5,3,0,1734.770917
10172,елка,s,22.3,98,92,685,ел,50.9,5,5,0,1734.7632
25521,осень,s,81.8,100,96,3206,осен,110.1,5,4,0,1732.153135
45654,флаг,s,29.4,99,87,1076,флаг,36.1,5,3,0,1730.312854
16812,крыло,s,67.6,100,85,1853,крыл,128.7,5,3,0,1726.460518
23092,нефть,s,62.3,97,90,1757,нефт,138.5,5,3,0,1725.11496
19125,мечта,s,57.0,100,96,2228,мечт,150.8,5,4,0,1724.493605
8250,двор,s,166.9,100,93,2953,двор,319.9,4,3,0,1724.262387
28642,плащ,s,27.7,98,91,829,плащ,33.1,5,3,0,1721.119445
9270,дождь,s,83.2,100,94,2143,дожд,100.6,5,3,0,1720.205434
14737,каша,s,27.1,97,93,988,каш-2,33.1,5,3,0,1719.800501
14315,камень,s,131.9,100,95,2922,кам,227.5,5,3,0,1719.678025
1419,банк,s,178.1,100,91,3259,банк,293.0,4,3,0,1713.746573
48570,юбка,s,26.3,95,92,899,юбк,30.5,5,3,0,1713.289011
12384,заяц,s,21.7,99,89,699,за(j),36.5,5,4,0,1712.573532
16532,крем,s,24.5,93,72,510,крем,32.1,5,4,0,1712.174863
39540,слон,s,23.8,99,92,735,слон-1,30.3,5,3,0,1707.4162
28791,пляж,s,25.4,99,94,853,пляж,28.3,5,4,0,1707.243275
29521,поднос,s,11.6,91,91,452,наш,2463.4,5,3,0,1707.128149
24441,овца,s,17.5,98,90,671,ов,36.8,5,3,0,1701.50862
15085,клей,s,10.4,96,85,441,кле(j),59.1,5,3,0,1699.167737
18021,лыжа,s,18.3,95,91,655,лыж-1,33.2,5,4,0,1698.594929
47868,шуба,s,18.7,97,92,677,шуб,30.7,5,4,0,1695.840701
16421,кран,s,23.3,100,90,905,кран-1,24.6,5,3,0,1695.764712
25397,орел,s,19.7,99,94,821,орёл,27.7,5,4,0,1693.440034
18546,масло,s,73.0,100,91,2067,масл,93.3,5,4,0,1688.84862
48779,ясный,a,90.8,100,96,3087,ясн,873.0,4,3,0,1685.412553
3652,веко,s,20.3,99,92,868,век-2,20.3,5,3,0,1681.2
18215,мазь,s,5.5,91,89,261,маз,73.1,5,3,0,1680.204738
47670,шлем,s,13.2,96,92,502,шелом,30.4,5,3,0,1680.127898
27388,пена,s,15.6,98,94,712,пен-1,25.5,5,3,0,1679.779697
2285,билет,s,75.4,100,95,2073,билет,83.8,5,3,0,1678.211916
42771,тигр,s,15.2,99,83,486,тигр,22.3,5,3,0,1673.643465
4334,вихрь,s,9.7,97,92,464,ви,629.5,5,3,0,1673.496504
28377,пила,s,9.2,97,90,372,пил,36.1,5,3,0,1672.896639
16383,кошка,s,50.4,99,94,1381,кот-1,119.3,5,4,0,1671.396057
12527,зеркало,s,70.5,100,94,1933,зар,1017.3,5,3,0,1669.513116
16829,крюк,s,9.1,92,90,411,крюк,33.1,5,3,0,1669.42161
19140,мешок,s,61.1,100,92,1501,мех-1,96.5,5,3,0,1668.752372
8098,гусь,s,13.6,96,91,550,гус,21.3,5,3,0,1668.079953
3367,ваза,s,14.3,100,93,660,ваз,18.2,5,3,0,1664.530303
13278,икра,s,15.5,95,92,593,икор,16.5,5,4,0,1663.968742
47489,шелк,s,8.4,98,94,459,шелк,29.1,5,4,0,1662.538308
37850,сани,s,12.6,91,89,348,сан-2,19.3,5,3,0,1662.376919
45087,утка,s,13.1,98,93,535,ут,18.4,5,3,0,1662.101852
23362,нора,s,13.1,95,76,406,нор,17.4,5,3,0,1660.390728
39883,собака,s,132.2,99,93,2394,собак,175.1,5,3,0,1656.436173
3482,вата,s,8.2,96,91,428,ват,24.0,5,3,0,1656.114169
9881,дуга,s,12.2,98,89,556,дуг,15.7,5,3,0,1655.359191
2524,блин,s,12.8,92,82,569,блин,14.9,5,4,0,1655.240565
17686,лиса,s,8.7,93,86,329,лис,20.5,5,3,0,1653.419098
15129,клин,s,8.7,96,93,431,клин-1,20.4,5,3,0,1653.288648
38459,сейф,s,13.1,94,91,452,сейф,13.5,5,3,0,1653.193985
45386,фара,s,12.8,92,92,590,фара,12.8,5,3,0,1651.2
43095,торт,s,11.6,94,92,467,торт,12.5,5,4,0,1648.166378
26883,пакет,s,65.8,100,95,2456,пакет,76.4,5,3,0,1648.157652
3240,бусы,s,4.3,80,88,214,бус,33.4,5,4,0,1647.936625
15386,колено,s,102.8,100,92,2028,колен,216.3,5,3,0,1647.348589
12390,звезда,s,122.7,100,95,3171,звезд,179.8,5,4,0,1645.593021
47407,шарф,s,9.6,92,92,435,шарф,11.3,5,3,0,1641.661493
37883,сапог,s,62.0,99,91,1265,сапог,75.7,5,3,0,1639.779378
2299,бинт,s,7.6,85,88,293,бинт,12.8,5,3,0,1639.45225
25516,осел,s,7.5,94,79,316,осёл,12.9,5,3,0,1639.344631
45152,утюг,s,8.7,93,88,380,утюг,10.4,5,3,0,1638.04839
43482,трон,s,8.7,94,89,360,трон,10.2,5,4,0,1637.680764
39941,сова,s,8.5,91,77,251,сов-1,9.8,5,4,0,1636.507533
28223,песок,s,55.3,100,94,1593,пес-1,82.5,5,3,0,1636.405504
12708,зонт,s,5.1,91,90,235,зонт,16.1,5,3,0,1636.245827
16396,краб,s,7.9,82,69,229,краб,9.3,5,3,0,1634.285857
37522,рысь,s,5.5,76,85,215,рыс-1,11.4,5,3,0,1631.673333
17936,лось,s,6.5,86,87,215,лос-1,8.7,5,3,0,1630.079894
18003,лупа,s,2.9,78,90,168,луп,18.3,5,3,0,1629.139664
3637,веер,s,6.6,91,92,385,веер,7.5,5,3,0,1628.142495
15093,клен,s,6.2,83,86,277,клен,7.9,5,3,0,1627.994285
1439,бант,s,5.2,78,90,257,бант,8.5,5,4,0,1626.593232
16727,крот,s,6.0,66,69,135,крот-2,6.0,5,3,0,1624
41833,сумка,s,55.5,98,91,1312,сум,73.8,5,3,0,1623.997266
47990,щука,s,5.3,86,88,220,щук,6.2,5,3,0,1622.929457
15278,ковш,s,4.8,84,85,214,ковш,6.6,5,3,0,1622.513996
8847,диван,s,60.1,99,92,1347,диван,67.2,5,4,0,1622.428236
13482,иней,s,4.5,79,89,246,ин-2,6.4,5,4,0,1621.466253
7307,гном,s,5.0,74,76,151,гном,5.7,5,4,0,1621.354157
1605,баян,s,4.7,77,83,197,баян,5.9,5,4,0,1621.063713
47525,шест,s,4.6,86,91,231,шест-1,5.4,5,3,0,1619.935897
7121,гиря,s,4.4,82,88,219,гир,5.4,5,3,0,1619.497692
13258,изюм,s,3.4,80,91,180,изюм,6.2,5,4,0,1618.365184
38973,сито,s,3.6,83,81,194,сит,4.9,5,3,0,1616.8
10002,дыня,s,4.1,76,84,177,дын,4.1,5,4,0,1616.4
34994,пюре,s,3.7,73,80,149,пюре,3.7,5,3,0,1614.8
19805,морж,s,2.6,57,80,80,морж,4.0,5,3,0,1612.899612
7543,горло,s,53.2,99,92,1479,горл,69.3,5,3,0,1612.515435
348,аист,s,3.1,70,86,120,аист,3.1,5,3,0,1612.4
44408,улей,s,2.7,82,88,165,ул-2,2.7,5,3,0,1610.8
20195,мята,s,2.2,70,88,135,мят-2,3.3,5,3,0,1610.777755
45239,учитель,s,113.8,100,94,2675,ук,1733.3,4,4,0,1610.319605
37265,ромб,s,1.8,62,88,110,ромб,3.1,5,3,0,1609.448809
14438,капля,s,44.7,100,94,1559,ка-2,79.2,5,3,0,1608.249706
40448,сота,s,1.2,55,86,80,сот,3.5,5,3,0,1608.197561
10034,дюна,s,2.0,61,86,109,дюн,2.0,5,3,0,1608
38725,сестра,s,121.3,100,93,2260,сестр,150.5,5,4,0,1605.340412
7465,гонг,s,1.2,43,82,67,гонг,1.2,5,3,0,1604.8
14814,кекс,s,1.1,47,83,71,кекс,1.1,5,4,0,1604.4
521,алоэ,s,1.0,35,69,44,алоэ,1.0,5,3,0,1604
10185,енот,s,0.9,38,76,52,енот,0.9,5,3,0,1603.6
24758,озеро,s,54.9,100,94,1349,озер,60.1,5,4,0,1601.044156
44057,угол,s,168.1,100,95,3539,угл-1,234.8,4,3,0,1594.681118
24817,океан,s,49.8,100,93,1500,океан,61.6,5,4,0,1593.853243
40364,сосед,s,97.8,100,95,2874,сад,2104.1,3,3,0,1587.708098
26661,офицер,s,118.7,100,92,1906,офицер,140.4,5,3,0,1587.284547
7620,горячий,a,98.0,100,96,3141,гар,559.1,5,3,0,1585.191208
41164,ствол,s,49.5,100,92,1217,ствол,56.4,5,3,0,1584.931203
41186,стекло,s,102.8,100,94,2539,стекл,156.9,5,3,0,1581.00378
23910,обнимать,v,20.2,94,91,795,ем,7446.5,5,4,0,1575.678542
26708,охота,s,40.1,100,95,1407,хот,1558.3,4,3,0,1574.914806
15099,клетка,s,109.6,100,81,1757,клет,141.6,5,3,0,1573.73017
39680,смех,s,74.6,98,89,1816,сме-1,498.8,4,5,0,1571.600726
19072,метла,s,6.7,88,88,335,ме,348.8,5,4,0,1569.1974
47374,шапка,s,40.6,99,92,1138,шап,53.2,5,3,0,1562.662288
23326,ноготь,s,25.6,95,89,832,ног,557.5,5,3,0,1558.396429
46868,чашка,s,33.3,100,92,1035,чаш,60.5,5,3,0,1557.096984
20174,мягкий,a,84.7,100,96,2772,мяг,166.0,5,4,0,1555.727143
17866,ложка,s,40.5,99,91,1152,ложеч,48.5,5,3,0,1555.11951
17223,лампа,s,34.0,99,93,1050,ламп,57.3,5,3,0,1554.484465
28711,плита,s,37.3,100,94,1227,плит,50.9,5,3,0,1552.504041
23580,обед,s,69.7,100,95,1879,е-1,504.4,4,4,0,1550.004587
18527,маска,s,34.3,100,94,1162,маск,51.6,5,3,0,1547.244796
15395,колесо,s,68.4,100,95,2006,кол-2,193.5,5,3,0,1545.135626
41346,столб,s,32.7,98,93,1125,столб,49.5,5,3,0,1540.813574
45997,халат,s,36.1,96,91,1014,халат,43.3,5,3,0,1538.377536
17446,лента,s,35.9,100,92,1231,лент,43.3,5,3,0,1537.993686
39013,скала,s,30.7,98,91,819,скал-1,49.1,5,3,0,1535.887021
47688,шляпа,s,34.2,98,92,948,шляп,43.4,5,3,0,1534.842241
47808,штаны,s,35.0,96,92,1176,штан,42.3,5,3,0,1534.670431
12682,золото,s,56.2,100,94,1698,злат,215.6,5,4,0,1530.227921
47738,шоссе,s,36.4,100,93,1249,шоссе,37.7,5,3,0,1529.655042
28312,пещера,s,20.3,98,90,520,пек,593.9,5,3,0,1529.401776
40394,сосна,s,30.1,99,91,847,сосен,45.4,5,4,0,1529.383596
5375,врач,s,173.1,100,94,3401,врач,191.9,4,4,0,1529.031028
8138,далекий,a,318.3,100,96,6925,дал,1174.2,3,3,0,1528.373032
16329,котел,s,24.8,99,78,666,котел,51.4,5,3,0,1524.961274
12532,зерно,s,30.3,99,93,1087,зерн,41.6,5,3,0,1524.261338
15265,ковер,s,29.5,100,94,1069,ковёр,42.3,5,3,0,1523.637221
41232,степь,s,29.6,98,89,709,степ,42.0,5,3,0,1523.406645
15505,кольцо,s,59.5,100,96,1910,кол-2,193.5,5,4,0,1521.899441
3435,ванна,s,22.0,100,93,850,ванн,54.8,5,3,0,1521.526129
3631,ведро,s,34.1,98,92,1104,ведёр,34.7,5,3,0,1520.395421
28293,печень,s,19.1,100,88,679,пек,593.9,5,3,0,1519.517464
25721,остров,s,95.7,100,88,1915,остров,117.6,5,4,0,1518.25914
28624,платье,s,64.8,100,93,1539,плат-2,169.1,5,3,0,1514.036813
25979,отель,s,32.0,98,92,877,отель,33.1,5,4,0,1513.908735
6653,газ,s,101.0,100,90,2730,газ,182.8,4,3,0,1511.450489
12739,зуб,s,116.0,100,93,2315,зуб,159.0,4,4,0,1511.1391
32994,принц,s,24.8,99,82,615,принц,40.5,5,4,0,1510.922946
14620,касса,s,20.9,99,93,948,касс,47.5,5,3,0,1510.277774
42215,такси,s,30.6,96,93,885,такси,30.6,5,3,0,1507.1
16904,кукла,s,25.3,100,93,778,кукл,36.7,5,3,0,1506.650117
28767,площадь,s,145.2,100,95,4265,плоск,280.1,5,4,0,1504.173333
17175,ладонь,s,92.7,100,90,1577,ладон,108.9,5,3,0,1501.422079
15004,кисть,s,26.1,100,93,980,кист,31.8,5,3,0,1500.832807
43488,тропа,s,16.6,97,91,590,троп,48.3,5,3,0,1499.10502
2850,бочка,s,26.6,98,92,827,боч-1,29.9,5,3,0,1498.706205
9802,дрова,s,25.8,99,93,875,дров,30.0,5,3,0,1497.372994
32397,пресс,s,7.2,93,91,412,пресс,106.6,5,3,0,1496.96453
48709,якорь,s,25.9,91,28,274,якор,29.6,5,3,0,1496.908926
43026,топор,s,25.5,99,91,810,топор,30.0,5,3,0,1496.805217
17161,лагерь,s,88.6,100,93,1735,лагер,110.0,5,3,0,1496.165494
10649,забота,s,60.5,100,96,2423,забот,159.8,5,4,0,1494.97644
28816,победа,s,124.0,100,94,4032,бед,714.2,4,5,0,1492.775
17691,лист,s,127.6,100,92,2933,лист,234.9,4,3,0,1492.511256
7194,глина,s,18.4,100,92,702,глин,37.6,5,3,0,1492.05998
47436,шахта,s,20.7,98,90,552,шахт,33.1,5,3,0,1491.615132
2685,бокал,s,26.1,96,92,708,бокал,26.1,5,4,0,1491.35
1646,бедро,s,24.3,98,92,771,бедёр,27.8,5,3,0,1490.969033
9401,долина,s,18.9,100,93,739,дл,491.4,5,4,0,1489.114406
43706,туфля,s,23.2,95,92,777,туфел,27.4,5,4,0,1488.244433
42469,телефон,s,167.8,100,94,3648,телефон,225.8,5,3,0,1486.628965
28428,пирог,s,16.3,97,93,738,пирог,35.7,5,4,0,1484.429838
37464,ручей,s,21.3,99,88,681,руч-2,27.3,5,4,0,1484.399363
17957,лошадь,s,80.9,100,92,1549,лош,109.5,5,4,0,1482.359611
36602,ребро,s,21.7,100,87,801,ребер,25.1,5,3,0,1481.683582
13825,искра,s,17.9,99,92,767,искор,29.3,5,4,0,1480.154585
3134,букет,s,20.5,98,94,844,букет,23.3,5,4,0,1476.493219
16104,корень,s,63.7,100,91,2363,корен,131.5,5,3,0,1474.570483
19607,мокрый,a,61.3,99,91,1465,мач-2,135.5,5,3,0,1473.414246
37533,рычаг,s,18.9,98,95,983,рычаг,21.1,5,3,0,1469.894045
37331,рояль,s,19.7,93,91,556,рояль,19.7,5,3,0,1468.95
42628,терка,s,1.7,58,82,88,тер-1,221.0,5,3,0,1467.840438
517,алмаз,s,16.7,96,87,512,алмаз,22.4,5,4,0,1467.694017
41387,стопа,s,11.7,96,83,484,стоп,30.3,5,3,0,1465.899526
4306,висок,s,18.0,93,90,702,висок,19.6,5,3,0,1465.740399
27165,парус,s,15.2,97,89,519,парус,23.0,5,3,0,1465.441577
31762,почка,s,16.2,100,89,694,почеч,19.8,5,3,0,1462.684209
36868,рельс,s,16.5,98,93,725,рельс,18.8,5,3,0,1461.643734
46810,чайка,s,17.6,95,92,646,чаеч,17.6,5,3,0,1461.6
14685,катер,s,17.0,92,87,429,катер,17.5,5,4,0,1460.368659
17006,купол,s,17.2,98,92,619,купол,17.2,5,3,0,1460.2
37634,салат,s,15.4,95,91,596,салат,18.2,5,4,0,1458.595478
47115,чешуя,s,4.1,75,89,201,чес-1,68.1,5,3,0,1458.483523
24436,овраг,s,15.8,95,87,482,овраг,16.8,5,3,0,1457.023153
28102,перец,s,15.2,96,77,461,перец,17.0,5,4,0,1456.261888
3103,будка,s,15.6,91,89,556,будк,16.4,5,3,0,1455.982497
17639,лимон,s,11.7,97,92,474,лимон,21.8,5,4,0,1455.897093
45953,футбол,s,27.4,96,90,1004,"фут,бол-2",2967.4,4,3,0,1455.430208
16312,костюм,s,81.3,100,95,2012,костюм,88.8,5,3,0,1454.901863
31222,поселок,s,55.7,100,94,1747,сел,594.3,5,3,0,1454.85238
47976,щетка,s,9.9,97,93,490,щет,21.3,5,3,0,1450.824773
47828,штора,s,12.4,90,91,519,штор,16.2,5,3,0,1449.60625
14831,кепка,s,12.1,91,91,500,кеп,16.3,5,3,0,1449.15351
6674,газон,s,13.1,95,87,546,газон,14.8,5,4,0,1448.73428
5189,восток,s,78.5,100,93,2586,тач-1,1017.0,4,3,0,1447.649987
34924,пчела,s,10.3,94,87,388,пчел,17.0,5,3,0,1446.313875
19362,миска,s,12.1,88,88,407,мис,12.7,5,3,0,1443.387297
47294,чулок,s,12.0,94,91,513,чулок,12.8,5,3,0,1443.377413
16079,копье,s,10.0,95,86,349,коп,14.5,5,3,0,1442.145581
14329,камин,s,11.2,93,91,422,камин,12.7,5,4,0,1441.742544
4346,вишня,s,7.5,94,87,344,вишен,18.0,5,4,0,1440.666325
35874,ракета,s,62.9,99,90,1138,ракет,101.3,5,4,0,1439.470103
34811,пульт,s,11.2,94,91,450,пульт,11.2,5,3,0,1439.2
7996,груша,s,10.6,98,90,460,груш,11.8,5,4,0,1439.14371
47636,шишка,s,9.4,96,92,458,шиш,13.2,5,3,0,1438.986921
42817,тиски,s,2.5,82,91,177,тис,46.5,5,3,0,1437.736753
39718,смола,s,7.5,95,90,373,смал,15.0,5,3,0,1437.123106
14357,канат,s,9.0,96,84,342,канат,12.4,5,3,0,1436.974315
41018,стакан,s,72.8,100,93,1566,стакан,85.6,5,3,0,1436.822972
34648,прядь,s,6.5,87,89,319,пря-1,15.6,5,3,0,1435.244148
7585,горох,s,6.4,95,92,336,горох,15.5,5,3,0,1434.859719
3850,весло,s,9.9,86,84,280,весел-2,9.9,5,3,0,1434.65
37346,рубин,s,9.0,84,73,230,рубин,10.7,5,4,0,1434.346397
937,арбуз,s,9.1,90,89,315,арбуз,10.3,5,4,0,1433.884989
17631,лилия,s,9.2,88,82,276,лил,9.7,5,4,0,1433.063424
45313,факел,s,9.2,96,91,357,факел,9.6,5,4,0,1432.892552
16884,кудри,s,5.5,86,89,290,кудр,15.4,5,4,0,1432.211411
47668,шланг,s,9.2,95,89,367,шланг,9.2,5,3,0,1432.2
3274,бухта,s,8.4,90,89,262,бухт,9.5,5,4,0,1431.265796
40128,сокол,s,8.2,94,91,394,сокол,9.3,5,4,0,1430.56444
37126,робот,s,8.7,94,85,278,робот,8.7,5,3,0,1430.45
7262,глыба,s,8.5,94,88,379,глыб,8.5,5,3,0,1429.75
1283,бабушка,s,101.8,100,92,1927,баб,289.5,5,5,0,1429.178722
7861,грива,s,5.3,82,89,282,грив,12.8,5,3,0,1428.827764
14615,каска,s,8.1,89,88,309,каск,8.1,5,3,0,1428.35
1403,банан,s,7.3,95,91,325,банан,8.6,5,5,0,1427.731841
14442,капот,s,7.5,90,93,418,капот,7.5,5,3,0,1426.25
17345,легкий,a,202.1,100,97,5500,легк,374.5,4,3,0,1425.335114
27074,парик,s,7.2,87,91,309,парик,7.2,5,3,0,1425.2
10485,жилет,s,5.0,84,90,253,жилет,10.3,5,3,0,1425.117225
34826,пупок,s,4.1,68,76,175,пуп,11.9,5,3,0,1424.447444
47102,чехол,s,6.1,95,91,330,чехл,7.3,5,3,0,1423.355781
39466,слива,s,5.5,90,82,259,слив,7.7,5,4,0,1422.776907
18684,мачта,s,6.5,86,86,238,мачт,6.5,5,3,0,1422.75
14137,кабан,s,5.3,88,88,237,кабан,6.8,5,3,0,1421.011663
17657,линза,s,6.0,96,88,253,линз,6.0,5,3,0,1421
47736,шорты,s,5.5,85,81,233,шорт,6.5,5,3,0,1420.926956
14847,кефир,s,5.9,84,84,257,кефир,5.9,5,3,0,1420.65
14343,камыш,s,5.3,78,88,223,камыш,6.4,5,3,0,1420.384308
574,амбар,s,4.9,80,85,175,амбар,6.9,5,3,0,1420.351228
6694,гайка,s,5.2,86,90,264,гаеч,6.4,5,3,0,1420.191087
47339,шалаш,s,5.3,82,89,209,шалаш,5.9,5,3,0,1419.571855
43740,тыква,s,5.0,84,87,199,тыкв,5.8,5,3,0,1418.848077
42961,томат,s,4.0,84,85,180,томат,6.9,5,4,0,1418.387496
47983,щипцы,s,1.8,69,89,113,щип,15.0,5,3,0,1418.186533
45706,фляга,s,3.5,65,82,143,фляг,7.3,5,3,0,1417.691453
27121,паром,s,4.4,75,83,148,паром,5.7,5,3,0,1417.527978
15462,колос,s,3.9,78,85,176,колаш,6.4,5,4,0,1417.485994
10325,железо,s,28.6,100,94,1079,желез-1,183.7,5,3,0,1417.449718
37414,рулон,s,4.3,89,90,223,рулон,5.5,5,3,0,1417.020943
17251,лапша,s,4.8,85,89,261,лапш,4.8,5,3,0,1416.8
47333,шайба,s,4.8,68,84,163,шайб,4.8,5,3,0,1416.8
3250,бутон,s,4.6,70,63,159,бутон,4.6,5,4,0,1416.1
44375,укроп,s,4.6,82,80,189,укроп,4.6,5,3,0,1416.1
37340,рубашка,s,45.9,99,92,1288,руб,600.6,5,3,0,1415.086888
675,ангар,s,3.5,74,81,146,ангар,4.6,5,3,0,1414.043682
43762,тюбик,s,3.9,78,81,186,тюбик,3.9,5,3,0,1413.65
2347,бисер,s,3.2,82,91,212,бисер,4.7,5,4,0,1413.573504
45589,фильм,s,196.8,100,88,3009,фильм,211.2,4,4,0,1413.555156
18144,лямка,s,3.8,85,92,239,лям,3.8,5,3,0,1413.3
46259,хобот,s,3.4,65,78,138,хобот,4.2,5,3,0,1413.226111
24949,окунь,s,3.5,69,85,130,окун,4.0,5,3,0,1413.095801
10411,жетон,s,3.4,69,69,120,жетон,4.1,5,3,0,1413.067708
8162,дамба,s,3.7,73,84,151,дамб,3.7,5,3,0,1412.95
28497,пицца,s,3.3,69,83,137,пицц,4.1,5,5,0,1412.874102
17943,лотос,s,3.6,77,89,160,лотос,3.6,5,4,0,1412.6
17579,лиана,s,3.5,75,85,152,лиан,3.5,5,3,0,1412.25
2577,бобер,s,2.6,64,76,96,бобёр,4.3,5,3,0,1411.702777
23499,оазис,s,3.3,85,89,206,оазис,3.3,5,4,0,1411.55
10045,дятел,s,3.1,74,79,128,дятел,3.1,5,3,0,1410.85
23754,облако,s,43.0,99,92,1273,облак,114.8,5,4,0,1410.778557
6739,гамак,s,2.9,62,82,104,гамак,2.9,5,4,0,1410.15
10235,жабра,s,2.9,53,58,103,жабер,2.9,5,3,0,1410.15
10504,жираф,s,2.6,70,86,125,жираф,3.1,5,3,0,1409.936549
9905,дупло,s,2.6,66,87,132,дупл,2.6,5,3,0,1409.1
15350,кокон,s,2.5,75,80,130,кокон,2.5,5,3,0,1408.75
36703,редис,s,1.5,42,68,57,редис,3.8,5,3,0,1408.356135
24973,олива,s,0.8,37,78,43,олив,6.9,5,4,0,1408.223138
3496,вафля,s,1.5,47,70,70,вафел,2.9,5,4,0,1407.299829
12467,зебра,s,1.9,70,87,116,зебр,1.9,5,3,0,1406.65
14780,квартира,s,290.9,100,95,4447,квартир,315.8,5,3,0,1406.188815
15351,кокос,s,1.0,46,85,53,кокос,3.0,5,3,0,1406.062178
46338,хомяк,s,1.1,45,82,56,хомяк,2.5,5,4,0,1405.804093
9776,дрель,s,1.4,45,79,63,дрель,1.4,5,3,0,1404.9
18383,манго,s,1.1,35,82,54,манго,1.1,5,3,0,1403.85
45611,финик,s,0.9,40,83,56,финик,1.3,5,3,0,1403.785829
43642,тунец,s,0.7,27,71,32,тунец,0.7,5,3,0,1402.45
1568,батут,s,0.5,30,75,37,батут,0.5,5,4,0,1401.75
12539,зефир,s,0.5,37,84,40,зефир,0.5,5,4,0,1401.75
15244,коала,s,0.4,15,63,16,коал,0.4,5,4,0,1401.4
14568,карта,s,103.0,100,95,2632,карт,388.0,4,4,0,1399.684929
48644,яблоко,s,53.0,100,93,1733,ябло,76.7,5,4,0,1391.27441
23322,новый,a,1217.5,100,96,21161,нов,2063.5,1,3,0,1386.898807
18156,магазин,s,147.2,100,95,3858,магазин,157.0,5,4,0,1380.052628
418,актер,s,114.4,99,87,1827,акт,328.9,4,4,0,1378.911231
14151,кабинет,s,148.5,100,95,2907,кабинет,152.3,5,3,0,1375.969995
31926,правый,a,210.4,100,96,4655,прав,3998.4,2,3,0,1375.806149
41400,сторож,s,14.4,95,91,566,стерег,234.2,5,3,0,1374.219172
8619,деревня,s,125.1,100,94,2571,дерев-1,163.6,5,3,0,1357.651716
2802,борода,s,31.7,99,92,967,бород,85.8,5,3,0,1356.456831
45229,ученый,s,117.4,100,92,3235,ук,1733.3,3,4,0,1353.294048
16152,корова,s,44.8,100,92,1274,коров,55.8,5,3,0,1349.9952
26936,пальто,s,48.6,99,90,1019,пальт,51.2,5,3,0,1349.64919
16299,костер,s,48.0,100,91,1160,костер,50.9,5,4,0,1348.28621
17037,курица,s,33.1,100,91,1046,кур-2,67.7,5,3,0,1342.013485
41736,сугроб,s,11.1,90,90,459,граб-1,194.0,5,3,0,1339.214223
14728,качели,s,5.1,91,90,257,кат-1,419.2,5,4,0,1338.712941
43823,тянуть,v,68.5,98,94,2104,тя,883.7,4,3,0,1338.106395
15305,кожа,s,109.5,100,90,2319,кож,164.4,4,3,0,1336.683147
17885,локоть,s,40.2,99,91,1141,локач,51.2,5,3,0,1336.10349
17060,куртка,s,41.0,97,91,997,курт,46.4,5,3,0,1330.849532
40918,среда,s,142.4,100,89,4881,серед,1014.4,3,3,0,1330.232822
15199,клюшка,s,1.9,48,77,74,клюк-1,888.7,5,3,0,1323.27518
7432,голубь,s,13.7,98,92,550,голуб,121.7,5,3,0,1322.497388
38216,свиток,s,2.6,71,83,123,ви,629.5,5,3,0,1321.368447
16048,копать,v,13.2,98,92,560,кап-2,116.7,5,3,0,1317.745318
17367,лед,s,62.5,100,91,1477,лед-2,137.0,4,3,0,1316.401999
45733,фонарь,s,32.9,99,92,1036,фонар,45.5,5,3,0,1316.071314
28342,пиджак,s,38.1,96,92,1054,пиджак,38.1,5,3,0,1314.3
4638,водопад,s,7.3,95,88,356,"па-1,вод-2",2101.0,5,4,0,1309.609633
14975,кирпич,s,27.7,98,94,1044,кирпич,45.7,5,3,0,1306.738044
16077,копыто,s,10.7,94,89,471,кап-2,116.7,5,3,0,1306.010424
3805,вертолет,s,38.7,97,89,872,"вер-2,лет-2",1638.8,5,3,0,1303.672751
16086,корабль,s,112.5,99,75,1763,корабел,130.6,5,3,0,1303.031558
15230,кнопка,s,33.0,99,92,1091,кнопк,33.0,5,3,0,1299
46539,царь,s,74.7,100,88,1484,цар,207.1,4,3,0,1297.519768
18729,медаль,s,32.2,100,94,1390,медаль,32.7,5,4,0,1297.347111
36878,ремень,s,28.4,99,92,933,рем,34.3,5,3,0,1293.632687
1371,балкон,s,28.2,100,93,915,балкон,31.9,5,3,0,1289.978998
19636,молния,s,26.9,99,90,897,молн,33.4,5,3,0,1289.922967
33365,прицеп,s,4.2,81,88,182,цеп,204.9,5,3,0,1288.006932
6825,гвоздь,s,24.2,98,92,911,гвожд,35.5,5,3,0,1287.931223
1989,береза,s,20.3,99,91,706,берез,40.9,5,4,0,1286.443218
10643,забор,s,48.3,99,92,1380,бер,2792.9,3,3,0,1285.491777
10044,дядя,s,107.5,100,90,1479,дяд,136.5,4,3,0,1284.54102
16115,коридор,s,110.8,100,93,2041,коридор,116.0,5,3,0,1283.425475
7716,грабли,s,3.7,89,92,249,граб-1,194.0,5,3,0,1280.375369
17911,лопата,s,19.5,99,92,710,лопат,34.4,5,3,0,1277.699421
34658,прямой,a,134.8,100,95,5124,прям,377.3,4,5,0,1276.565119
40728,спичка,s,20.3,99,91,762,спиц,29.9,5,3,0,1273.910283
47044,чеснок,s,8.5,89,87,331,чес-1,68.1,5,3,0,1272.177905
42948,толстый,a,84.4,99,93,2115,толст,140.0,5,3,0,1271.753565
42419,телега,s,17.8,96,89,544,телег,28.9,5,3,0,1268.042487
42566,тень,s,94.3,100,94,2393,тен,144.5,4,3,0,1266.927832
13569,институт,s,226.5,100,94,5848,институт,240.6,5,3,0,1266.887138
14604,карьер,s,8.2,94,83,347,карьер,59.4,5,3,0,1266.209667
37532,рыцарь,s,18.9,99,86,573,рыцар,25.5,5,4,0,1265.860079
29844,подушка,s,39.5,100,93,1301,ух-1,286.2,5,4,0,1265.811258
24550,огурец,s,18.9,99,91,689,огур,23.9,5,4,0,1263.760411
7957,груз,s,45.7,99,91,1571,груж,294.1,4,3,0,1263.730439
28538,плакат,s,20.2,99,93,889,плакат,21.9,5,3,0,1263.098494
45743,фонтан,s,18.4,98,92,784,фонтан,22.2,5,4,0,1260.632664
4911,волна,s,95.4,100,95,2763,волн-1,268.8,4,3,0,1260.475798
907,аптека,s,15.1,98,90,626,аптек,24.9,5,4,0,1258.171385
45590,фильтр,s,14.6,99,86,557,фильтр,25.6,5,3,0,1257.998621
17305,лебедь,s,14.9,97,91,575,лебед,23.9,5,4,0,1256.612631
18179,магнит,s,6.0,94,66,252,магнит,59.3,5,3,0,1256.587985
37543,рюкзак,s,17.2,91,89,423,рюкзак,18.6,5,3,0,1253.658923
41150,статуя,s,16.1,99,91,582,стату,19.8,5,3,0,1253.563234
14155,каблук,s,16.3,95,91,659,каблук,19.4,5,3,0,1253.347727
7606,горшок,s,16.3,97,93,693,горш-1,18.8,5,3,0,1252.516283
41609,струна,s,13.8,98,92,575,струн,18.4,5,3,0,1247.804602
38214,свитер,s,15.0,95,92,592,свитер,15.9,5,3,0,1246.330336
26931,пальма,s,14.3,99,90,577,пальм,16.3,5,4,0,1245.801856
40196,солома,s,9.8,98,91,408,солом,23.5,5,3,0,1245.526915
42646,термос,s,3.7,82,90,206,"терм,ос-2",60.4,5,3,0,1244.847742
2565,блюдце,s,5.3,87,89,295,блюд-2,40.1,5,3,0,1243.735226
46935,чердак,s,13.4,92,90,527,чердак,15.5,5,3,0,1243.235402
41848,сундук,s,12.5,93,91,456,сундук,15.4,5,3,0,1241.623311
38944,сирень,s,8.2,92,89,335,сирен,21.9,5,4,0,1240.202239
16122,корица,s,2.0,55,82,95,кор-1,88.7,5,4,0,1239.957477
44216,удочка,s,8.8,93,90,379,уд,18.8,5,3,0,1238.587044
17012,купюра,s,12.7,96,90,491,купюр,12.7,5,3,0,1238.1
16165,корона,s,9.4,96,86,384,корон,16.9,5,4,0,1237.811903
47713,шнурок,s,7.5,90,91,359,шнур,18.4,5,3,0,1235.24202
35178,радуга,s,8.1,93,93,451,радуг,16.4,5,5,0,1234.576871
21419,начало,s,361.4,100,95,11142,ч-1,1872.3,2,3,0,1233.880361
18274,малина,s,7.2,97,86,306,малин,16.9,5,4,0,1233.092597
43023,тополь,s,9.8,94,91,417,топол,12.2,5,3,0,1232.803049
8006,грядка,s,8.1,92,93,410,гряд-1,14.5,5,3,0,1232.512305
43640,тундра,s,10.0,85,72,205,тундр,11.6,5,3,0,1232.310989
18640,матрас,s,8.0,91,89,313,матрас,13.3,5,3,0,1230.945113
20058,мускул,s,7.2,94,91,406,мускул,14.5,5,3,0,1230.652895
1510,бархат,s,5.4,90,91,289,бархат,19.2,5,4,0,1230.547013
18117,люстра,s,9.9,93,91,477,люстр,9.9,5,3,0,1229.7
34666,пряник,s,7.0,96,91,342,прян,13.3,5,4,0,1228.946502
7595,горсть,s,6.8,88,90,386,горст,13.4,5,3,0,1228.637039
30668,помада,s,9.1,88,87,345,помад,9.7,5,3,0,1228.185635
15476,колпак,s,8.1,93,91,381,колпак,10.5,5,3,0,1227.666767
48576,юг,s,39.5,100,95,1663,юг,133.8,4,3,0,1227.14412
45363,фанера,s,5.8,95,90,308,фанер,14.1,5,3,0,1227.129689
38718,серьга,s,5.7,86,90,307,серёж,14.2,5,3,0,1226.989998
7845,гречка,s,1.4,55,83,83,грек,57.2,5,3,0,1226.846229
15181,клумба,s,8.7,91,86,400,клумб,8.7,5,4,0,1226.1
10357,жемчуг,s,5.1,90,88,237,жемчуг,14.8,5,5,0,1226.063768
40343,сорока,s,5.8,79,58,158,сорок-3,11.3,5,3,0,1224.287034
45958,футляр,s,8.0,92,88,323,футляр,8.0,5,3,0,1224
16873,кувшин,s,6.8,92,90,284,кувшин,9.3,5,3,0,1223.857074
18374,мамонт,s,7.4,81,74,183,мамонт,8.5,5,3,0,1223.792856
38042,свекла,s,7.4,95,89,314,свекл,8.5,5,3,0,1223.792856
7763,гранат,s,2.5,74,80,142,гранат,24.0,5,4,0,1223.2379
43502,трость,s,5.0,82,89,202,тращ,10.3,5,3,0,1221.52905
5699,вулкан,s,6.0,94,91,299,вулкан,7.9,5,3,0,1220.654297
1379,баллон,s,6.2,85,86,232,баллон,7.6,5,3,0,1220.593203
45945,фургон,s,6.2,80,80,193,фургон,6.7,5,3,0,1219.33546
45401,фартук,s,6.1,85,90,321,фартук,6.8,5,3,0,1219.321491
6728,галоша,s,4.9,79,85,195,галош,8.3,5,3,0,1219.131911
45675,флейта,s,5.8,85,88,236,флейт,6.6,5,4,0,1218.56125
17929,лоскут,s,4.1,83,90,227,лоскут,8.8,5,3,0,1218.019989
14749,каштан,s,4.6,83,89,184,каштан,7.1,5,4,0,1217.144678
42375,творог,s,5.0,89,88,266,твораж,6.1,5,4,0,1216.568042
7210,глобус,s,5.5,89,91,259,глобус,5.5,5,3,0,1216.5
28175,персик,s,4.8,81,81,191,персик,6.0,5,4,0,1216.099689
47800,штанга,s,4.2,73,84,179,штанг,6.3,5,3,0,1215.431785
37136,ровный,a,36.9,99,95,1538,рав,1140.3,4,3,0,1215.380882
28347,пижама,s,4.7,76,88,218,пижам,5.2,5,4,0,1214.831049
14248,кактус,s,4.6,81,84,183,кактус,4.6,5,3,0,1213.8
45724,фольга,s,4.3,90,88,223,фольг,4.3,5,3,0,1212.9
15190,клюква,s,3.5,82,82,177,клюкв,4.9,5,3,0,1212.423768
45498,фиалка,s,3.7,81,88,167,фиалк,4.4,5,4,0,1212.104545
1396,бамбук,s,2.6,75,88,142,бамбук,5.5,5,3,0,1211.344602
7894,гроздь,s,3.7,87,92,262,грозд,3.7,5,4,0,1211.1
41477,страус,s,3.1,71,82,130,страус,4.3,5,3,0,1210.953082
658,ананас,s,3.6,83,90,185,ананас,3.6,5,4,0,1210.8
15559,комета,s,3.6,76,88,185,комет,3.6,5,3,0,1210.8
2782,бордюр,s,3.4,80,85,199,бордюр,3.8,5,3,0,1210.78332
48731,янтарь,s,2.3,71,84,118,янтар,5.6,5,4,0,1210.766615
9429,домино,s,3.4,77,89,184,домино,3.4,5,3,0,1210.2
44418,улитка,s,3.0,79,88,167,улит,3.6,5,3,0,1209.859006
14130,йогурт,s,3.2,68,86,160,йогурт,3.2,5,3,0,1209.6
16087,коралл,s,2.3,69,80,98,коралл,4.3,5,4,0,1209.434511
26849,павлин,s,2.4,70,80,115,пав,4.1,5,4,0,1209.410632
45412,фасоль,s,3.0,72,83,137,фасол,3.0,5,3,0,1209
17235,ландыш,s,2.9,75,86,162,ландыш,2.9,5,4,0,1208.7
43768,тюлень,s,2.6,58,79,93,тюлен,3.0,5,3,0,1208.378544
17935,лосось,s,1.7,58,86,89,лосос,2.8,5,3,0,1206.545227
16497,кратер,s,2.1,66,87,97,кратер,2.1,5,3,0,1206.3
15071,клевер,s,1.8,63,86,107,клевер,1.8,5,4,0,1205.4
1505,барсук,s,1.4,35,74,55,барсук,1.9,5,3,0,1204.892852
30856,пончик,s,1.5,40,64,50,пончик,1.5,5,4,0,1204.5
2936,брелок,s,1.4,57,86,90,брелок,1.4,5,3,0,1204.2
38532,сельдь,s,1.4,60,88,97,селёд,1.4,5,3,0,1204.2
6949,гепард,s,1.2,25,59,31,гепард,1.2,5,3,0,1203.6
926,арахис,s,0.7,28,73,37,арахис,0.7,5,3,0,1202.1
39017,скалка,s,0.7,42,86,54,скал-2,0.7,5,3,0,1202.1
20444,надежда,s,154.5,100,95,4436,де(j),5985.7,2,5,0,1202.075451
1278,бабочка,s,21.3,99,90,692,баб,289.5,5,5,0,1196.315276
41930,сухой,a,83.0,100,96,2529,сох-2,236.1,4,3,0,1189.953748
48743,яркий,a,93.9,100,97,3664,яр-1,207.1,4,4,0,1188.079863
34635,прыгать,v,38.5,99,93,1303,прыг,137.5,5,4,0,1181.895403
19593,мозг,s,84.5,100,92,2187,мозг-1,97.4,4,3,0,1162.884004
5790,вывеска,s,11.4,95,92,614,вес-1,358.6,5,3,0,1159.844456
47015,черный,a,337.5,100,95,5448,черн,439.7,3,3,0,1155.67675
27014,пар,s,26.2,99,92,1049,пар-1,122.8,4,3,0,1155.247997
42731,тетя,s,64.5,95,90,907,тет,120.1,4,3,0,1152.055677
31551,потолок,s,57.9,100,94,1747,тл-2,62.8,5,3,0,1150.750622
44441,улыбка,s,98.1,99,93,2015,лыб,342.7,4,5,0,1150.063478
14707,катушка,s,8.4,98,88,397,кат-1,419.2,5,3,0,1148.350935
16148,коробка,s,49.0,99,94,1634,короб-1,69.0,5,3,0,1145.365918
15511,коляска,s,16.8,96,90,528,кол-2,193.5,5,4,0,1142.539468
12423,звон,s,24.4,97,92,896,зван,293.6,4,3,0,1138.557883
26898,палатка,s,29.1,98,90,735,палат,105.3,5,3,0,1138.388719
17529,лестница,s,83.1,100,93,1827,лаз,323.9,5,3,0,1128.122477
5578,вспышка,s,23.6,98,92,907,пых,100.0,5,3,0,1121.449578
17740,лить,v,10.4,97,93,568,ле(j),620.5,4,3,0,1121.327248
3453,варенье,s,12.9,92,79,464,вар-1,173.2,5,4,0,1118.170428
46915,чемодан,s,42.8,92,92,1018,чемодан,51.9,5,3,0,1117.827204
12196,затылок,s,31.7,97,90,976,тыл,66.1,5,3,0,1114.438029
42310,тарелка,s,41.3,99,93,1254,тарел,44.3,5,3,0,1106.934267
15513,ком,s,11.2,98,92,571,ком,185.2,4,3,0,1104.947213
14192,кадр,s,64.5,100,93,2440,кадр,89.9,4,3,0,1104.592843
2842,ботинок,s,39.1,98,93,1180,бот-2,43.0,5,3,0,1102.509146
168,автомобиль,s,156.9,100,92,3453,"авто,мобиль",712.9,5,3,0,1101.668738
17653,линейка,s,8.6,95,93,459,лин-2,185.7,5,3,0,1099.906832
47985,щит,s,21.9,99,94,956,щит,350.5,5,2,0,1097.128123
2022,беседка,s,8.0,98,91,327,бесед,182.3,5,4,0,1095.472509
42613,теплый,a,104.0,100,95,3015,тепел,260.3,4,5,0,1093.599838
28775,плыть,v,42.5,97,92,1241,пла,292.2,4,3,0,1090.034133
3744,веревка,s,31.8,99,91,951,верв,39.8,5,3,0,1088.939586
34622,пружина,s,11.7,98,93,573,пруг,100.2,5,3,0,1085.598627
1541,бассейн,s,33.4,99,92,1162,бассейн,34.0,5,4,0,1084.246662
18734,медведь,s,33.4,98,92,967,медведь,33.4,5,3,0,1083.5
15364,колбаса,s,28.0,99,93,978,колбас,37.8,5,3,0,1081.33265
9991,дым,s,58.8,100,92,1491,дым-1,109.6,5,2,0,1080.624417
1137,асфальт,s,29.1,96,92,1079,асфальт,35.5,5,3,0,1080.352738
34941,пылесос,s,6.0,83,80,224,"пыл-2,сас",171.3,5,3,0,1080.1483
43195,трамвай,s,28.1,98,92,871,трамвай,35.6,5,3,0,1079.07117
37724,самокат,s,1.0,32,76,47,"сам,кат-1",965.6,5,3,0,1077.685262
21565,невеста,s,31.7,98,91,927,вед-1,1680.0,4,4,0,1076.931538
28580,пластик,s,6.8,95,88,388,пласт,136.0,5,3,0,1076.026311
46697,цех,s,37.9,98,94,1284,цех,39.8,4,3,0,1074.772724
42725,тетрадь,s,23.5,98,92,698,тетрад,37.0,5,3,0,1073.718213
39253,скрепка,s,2.3,63,81,105,креп,366.7,5,3,0,1072.603805
7726,град,s,12.4,97,89,599,"гораж,град-2",1490.6,5,2,0,1071.907631
46341,хор,s,35.1,99,94,1197,хор-2,41.2,4,4,0,1071.12548
40156,солдат,s,142.2,100,92,2170,солдат,172.3,4,3,0,1069.584433
3733,вера,s,165.1,100,90,2845,вер-1,1732.2,2,4,0,1069.553589
43190,трактор,s,22.9,100,92,653,трактор,33.3,5,3,0,1069.036675
31114,порошок,s,16.8,99,92,691,пораш,44.4,5,3,0,1068.27884
38717,серый,a,96.1,100,93,2202,сер-1,114.5,4,3,0,1067.140658
15438,колодец,s,23.9,97,75,646,колодез,25.2,5,4,0,1061.353484
15441,колокол,s,15.8,97,92,554,колокол,36.2,5,3,0,1059.789213
43505,тротуар,s,23.1,92,92,802,тротуар,23.9,5,3,0,1058.741489
37095,рисунок,s,179.2,100,76,2764,рис-2,278.4,4,4,0,1058.397708
23405,носорог,s,2.1,70,89,116,"нос-1,рог",253.8,5,3,0,1057.715899
28079,переулок,s,39.9,100,93,1227,ул-1,413.1,5,3,0,1056.769858
15959,конфета,s,19.6,97,92,747,конфет,24.3,5,5,0,1054.5596
15243,князь,s,86.0,100,81,1088,княг,119.1,4,3,0,1054.220059
39643,смена,s,65.1,100,96,2926,мен-1,1392.8,3,3,0,1053.908525
4324,витрина,s,19.0,98,94,815,витрин,19.0,5,3,0,1047.5
38568,семечко,s,6.9,93,91,373,сем-3,49.0,5,4,0,1045.968739
41007,стадион,s,17.6,98,91,712,стадион,17.6,5,3,0,1044
19914,мочалка,s,2.2,73,89,145,мач-2,135.5,5,3,0,1043.163932
20040,муравей,s,12.1,92,81,343,мурав,24.6,5,3,0,1043.132065
36945,ресница,s,16.4,93,90,611,реснит,18.1,5,3,0,1043.072613
46912,челюсть,s,17.1,97,90,652,челюст,17.1,5,3,0,1042.75
28988,поворот,s,55.3,100,96,1993,ворач,847.8,4,3,0,1041.314026
16055,копилка,s,2.2,74,87,151,кап-3,118.8,5,4,0,1040.416581
41649,ступень,s,31.8,100,94,1229,ступ-1,1467.4,4,3,0,1040.042359
29390,подкова,s,3.7,80,90,195,ков,67.9,5,4,0,1039.625591
5043,воробей,s,14.5,95,72,454,вороб,17.0,5,4,0,1039.250796
46722,цилиндр,s,12.5,95,91,487,цилиндр,19.4,5,3,0,1038.931029
47723,шоколад,s,10.9,95,93,524,шоколад,22.1,5,4,0,1038.801579
2297,бинокль,s,10.6,91,88,343,"бин,окль",21.9,5,3,0,1038.090353
41173,стебель,s,13.3,94,82,475,стеб,16.0,5,3,0,1036.469165
18135,лягушка,s,10.5,96,92,445,ляг,18.6,5,3,0,1034.937444
34929,пшеница,s,10.4,98,90,376,пшен,18.5,5,3,0,1034.677082
16378,кошелек,s,11.4,93,93,639,кошел,16.4,5,3,0,1034.183329
2541,блокнот,s,12.8,92,91,493,блокнот,13.9,5,3,0,1033.346664
27057,парашют,s,9.9,93,90,313,парашют,15.7,5,4,0,1031.167892
10016,дышать,v,64.4,99,93,1869,дых,320.3,4,3,0,1030.866429
3737,верблюд,s,11.2,95,83,366,верблюд,12.8,5,3,0,1029.933259
16338,котлета,s,11.2,97,92,490,котлет,12.5,5,4,0,1029.580399
17910,лопасть,s,11.5,74,24,138,лопаст,11.5,5,3,0,1028.75
19812,морковь,s,8.8,93,78,313,морков,14.9,5,4,0,1028.62691
23186,низкий,a,160.7,100,95,6091,ниж,730.6,3,3,0,1027.942985
30996,попугай,s,10.0,96,82,337,попуга(j),11.8,5,4,0,1027.156951
40702,спираль,s,9.5,99,88,398,спираль,11.9,5,3,0,1026.581243
41637,стук,s,23.5,95,92,893,тук-1,136.0,4,3,0,1026.132704
15027,клавиша,s,10.1,94,91,433,клавиш,10.6,5,3,0,1025.867451
5065,воронка,s,9.1,91,87,359,ворон-2,11.7,5,3,0,1025.796075
42295,тапочка,s,9.4,86,91,452,тапоч,9.4,5,3,0,1023.5
19996,музей,s,87.0,100,93,2254,музей,97.4,4,4,0,1022.186359
40191,соловей,s,7.9,96,89,349,солов-1,8.9,5,4,0,1020.962765
3159,булочка,s,4.7,83,90,239,булк,14.7,5,5,0,1020.780099
42992,тоннель,s,8.3,91,90,374,тоннель,8.3,5,3,0,1020.75
38281,связь,s,346.1,100,91,9592,вяж,982.8,2,3,0,1020.637268
8804,джунгли,s,8.2,93,88,377,джунгл,8.2,5,3,0,1020.5
14144,кабачок,s,4.2,84,85,171,"кабак,кабач-2",15.2,5,3,0,1019.974984
25740,острый,a,85.1,100,97,3134,вастр,230.0,4,3,0,1019.710615
8511,дельфин,s,7.6,80,72,182,дельфин,8.1,5,4,0,1019.615045
2893,браслет,s,6.7,91,89,290,браслет,7.1,5,4,0,1017.242752
14471,караван,s,6.2,87,87,262,караван,6.9,5,3,0,1016.351605
38410,север,s,47.0,100,95,1761,север,173.7,4,3,0,1016.240059
13433,индейка,s,1.9,59,84,97,инд-1,21.6,5,3,0,1016.015617
37264,ромашка,s,6.4,97,91,341,ромаш,6.4,5,4,0,1016
17461,лепешка,s,6.0,87,91,312,лепеш,6.0,5,3,0,1015
47363,шампунь,s,6.0,83,73,193,шампунь,6.0,5,3,0,1015
3152,булавка,s,4.9,87,89,270,булав,6.2,5,3,0,1013.779514
32986,принтер,s,5.3,87,76,214,принтер,5.3,5,3,0,1013.25
16914,кукушка,s,4.6,82,87,201,куку,5.7,5,3,0,1012.801367
14463,капюшон,s,5.0,77,88,225,капюшон,5.0,5,3,0,1012.5
43770,тюльпан,s,5.0,82,85,234,тюльпан,5.0,5,4,0,1012.5
37434,русалка,s,4.2,80,87,177,русал,5.4,5,4,0,1011.905881
48794,ящерица,s,3.6,77,74,158,ящер,6.0,5,3,0,1011.61895
351,айсберг,s,4.2,88,87,216,айсберг,4.2,5,3,0,1010.5
17430,ленивец,s,0.4,28,82,34,лен-1,42.4,5,4,0,1010.29563
28399,пингвин,s,3.9,70,78,125,пингвин,3.9,5,4,0,1009.75
20,абрикос,s,3.3,72,80,139,абрикос,4.5,5,4,0,1009.633924
26991,панцирь,s,3.8,88,90,220,панцирь,3.8,5,3,0,1009.5
400,акробат,s,2.5,63,80,115,акробат,4.9,5,4,0,1008.75
26917,палитра,s,3.5,81,91,265,палитр,3.5,5,3,0,1008.75
13396,имя,s,401.7,100,97,9402,им-2,499.7,2,3,0,1008.064007
19268,миндаль,s,2.2,62,87,109,миндал,4.6,5,4,0,1007.952987
1616,бегемот,s,3.0,74,87,159,бегемот,3.0,5,3,0,1007.5
25454,орхидея,s,2.4,73,88,130,орхиде,2.4,5,4,0,1006
14827,кенгуру,s,2.1,62,85,98,кенгуру,2.1,5,3,0,1005.25
26987,пантера,s,2.1,60,70,102,пантер,2.1,5,3,0,1005.25
46743,циркуль,s,1.5,53,84,87,циркуль,2.0,5,3,0,1004.330127
27383,пеликан,s,1.0,36,73,46,пеликан,1.0,5,3,0,1002.5
28413,пипетка,s,0.5,33,84,39,пипетк,0.5,5,3,0,1001.25
18727,мед,s,18.5,100,92,788,мед-2,26.0,4,3,0,998.692705
42272,танец,s,54.1,100,89,1464,танец,124.4,4,4,0,987.128874
14349,канал,s,71.5,100,91,2364,канал,92.3,4,3,0,984.329496
45691,флот,s,41.0,99,90,1054,флот,49.7,4,3,0,980.563562
14552,карман,s,120.5,100,92,2500,карман,132.4,4,3,0,978.929809
48680,ядро,s,25.8,98,79,785,ядер,77.3,4,3,0,978.632136
48718,яма,s,30.2,98,93,1030,ям-1,39.2,5,2,0,977.415696
44263,ужин,s,36.5,98,94,1231,ужин,52.3,4,4,0,974.766129
36965,ресторан,s,79.3,100,94,1915,ресторан,92.0,5,4,0,970.828569
48560,эхо,s,15.0,99,94,740,эх,15.7,4,3,0,969.057042
38156,светофор,s,8.0,90,91,426,"свес,фор",864.7,5,3,0,966.344221
47586,шип,s,6.8,87,62,229,шип-1,31.1,4,3,0,965.440584
20010,мука,s,40.2,99,94,1406,мук-2,42.5,4,3,0,965.336021
16311,кость,s,58.5,100,83,1523,кащ,93.8,4,3,0,959.267092
17427,лен,s,11.5,94,65,257,лен,11.5,4,3,0,951.75
35031,пятка,s,13.1,99,93,654,пят-2,390.6,4,3,0,950.362807
23404,носок,s,25.2,99,93,952,нос-1,201.9,4,3,0,949.652819
34949,пыль,s,53.5,100,92,1609,пыл-2,102.1,5,2,0,947.815425
26659,офис,s,34.1,99,91,1420,офис,39.8,4,3,0,947.359696
41128,старый,a,368.5,100,96,7242,стар,1080.4,3,2,0,946.460063
46879,чек,s,9.4,94,87,354,чек-2,11.0,4,3,0,945.758606
17851,лодка,s,62.9,99,90,1199,лад-2,78.2,4,3,0,945.469051
16915,кулак,s,62.5,98,92,1543,кулак,76.0,4,3,0,941.220853
2494,блеск,s,29.7,99,95,1211,блес,159.9,4,3,0,941.196222
4651,водоросль,s,8.8,91,80,333,"вод-2,рас",2090.1,5,3,0,937.335617
42362,твердый,a,59.5,100,95,2289,тверд,508.3,4,3,0,934.768976
17000,купить,v,192.7,100,94,5092,куп-1,503.1,3,4,0,934.091179
8977,диск,s,26.3,99,92,1055,диск,41.6,4,3,0,932.307521
29967,поза,s,29.8,99,94,1084,поз,33.2,4,3,0,925.816374
33802,прозрачный,a,46.0,100,96,1950,зар,1017.3,5,3,0,924.485054
46104,хвост,s,55.4,100,93,1581,хвост,68.4,4,3,0,915.452222
47508,шепот,s,27.0,98,90,880,шеп,136.1,4,3,0,912.167563
39435,слеза,s,114.2,100,93,2390,слез,127.4,5,2,0,911.084243
18884,мельница,s,10.5,96,88,393,мал-4,224.9,5,3,0,897.189506
14484,карандаш,s,46.6,100,82,925,карандаш,50.0,5,3,0,896.540147
38893,синий,a,82.8,100,93,2010,син,152.2,5,2,0,896.45385
35038,пятно,s,50.1,100,93,1538,пятн,62.3,4,3,0,895.537893
37369,руда,s,16.0,88,79,342,руд,34.9,4,3,0,894.521955
10003,дыра,s,31.6,98,92,1117,дыр,69.9,5,2,0,893.996596
4909,волк,s,36.1,100,91,1005,волк,58.5,5,2,0,891.909738
25849,отвертка,s,2.4,77,91,148,вер-2,831.3,5,3,0,889.333532
19199,микрофон,s,16.3,94,93,617,фон,116.6,5,3,0,887.191284
10345,желтый,a,78.1,100,94,2036,желт,117.2,4,3,0,887.018954
6863,генерал,s,140.0,100,92,1951,генерал,169.7,4,3,0,885.340758
19094,метро,s,48.9,99,95,1611,метро,56.4,4,3,0,883.806991
48728,январь,s,91.9,100,92,3883,январ,95.6,4,3,0,881.195235
42930,толпа,s,96.7,100,94,2128,толп,109.2,5,2,0,879.830191
12482,зеленый,a,124.4,100,95,3278,зел,185.5,4,4,0,879.771313
20202,мять,v,4.7,82,90,307,мин-2,70.1,4,3,0,872.605234
31764,почта,s,33.0,100,95,1448,почт,72.3,4,3,0,870.959864
28892,повар,s,13.3,96,92,522,вар-1,173.2,4,3,0,867.983958
37375,ружье,s,28.3,96,90,808,руж,322.9,5,2,0,867.288193
47578,шина,s,15.3,98,89,532,шин,17.9,4,3,0,866.196072
898,апрель,s,86.2,100,92,3469,апрел,91.0,4,3,0,865.702465
27228,пастух,s,9.6,94,90,363,пас-2,812.0,4,3,0,864.871289
25776,осьминог,s,1.7,54,81,79,"восем,ног",575.1,5,3,0,862.53543
20096,муха,s,27.1,99,87,877,мух,34.4,5,2,0,861.065211
12616,змея,s,20.5,99,93,736,зм,43.6,5,2,0,859.792976
37930,сахар,s,38.1,100,88,1145,сахар,53.5,4,4,0,858.018314
10435,живот,s,65.6,99,92,1567,жи,3660.6,2,4,0,857.563141
23498,няня,s,9.2,91,86,309,нян,21.0,4,4,0,855.598561
30446,половник,s,0.9,42,83,57,пол-5,851.3,5,3,0,855.359552
7223,глубокий,a,137.3,100,96,4406,глуб,375.8,4,3,0,854.300958
42460,телескоп,s,3.8,72,83,163,"теле,скоп",193.8,5,3,0,854.274856
2984,бровь,s,41.6,98,91,1080,бров,46.1,4,3,0,853.272829
982,арка,s,12.9,97,90,507,ар,13.6,4,3,0,852.981506
28204,перчатка,s,19.8,96,93,795,перст,33.5,5,3,0,851.509222
33459,пробирка,s,3.4,79,85,186,проб,182.2,5,3,0,849.77871
42418,телевизор,s,72.3,100,94,2251,телевиз,100.0,5,3,0,848.801462
1601,башня,s,39.4,100,92,1124,башен,45.6,4,3,0,848.353766
15175,клубника,s,4.5,86,90,247,клуб-1,129.2,5,4,0,848.224475
18932,меню,s,11.4,99,94,597,меню,11.4,4,3,0,845.6
34774,пуговица,s,19.8,99,91,806,пугов,23.7,5,3,0,843.32482
40471,соус,s,10.8,94,87,405,соус,10.8,4,4,0,843.2
42159,таблетка,s,21.2,100,91,711,таблетк,21.7,5,3,0,842.897086
16642,кристалл,s,15.7,96,80,526,кристалл,29.1,5,4,0,842.749035
15316,коза,s,16.2,99,89,547,коз,26.8,5,2,0,841.673013
19898,мотоцикл,s,18.4,96,91,607,мотоцикл,22.7,5,3,0,840.874442
23611,обезьяна,s,17.4,98,92,622,обезьян,23.2,5,3,0,840.183579
46110,хвоя,s,6.4,87,88,285,хво(j),15.5,4,3,0,839.839679
12795,игла,s,14.3,99,94,673,игл,27.4,5,2,0,839.588887
15691,компьютер,s,63.2,100,94,2114,компьютер,100.4,5,3,0,839.400215
31185,порядок,s,307.6,100,89,8151,ряд,1459.4,2,4,0,837.510672
6844,гель,s,9.0,71,74,248,гель,9.4,4,3,0,836.791303
17148,лавка,s,26.2,98,92,911,лав-1,58.3,4,3,0,836.789565
6956,герб,s,7.7,95,88,376,герб,10.9,4,3,0,836.645327
28416,пирамида,s,16.0,99,91,644,пирамид,19.5,5,3,0,835.327043
14641,кастрюля,s,15.9,96,90,583,кастрюл,18.6,5,3,0,834.394186
46949,черепаха,s,6.3,85,88,263,череп,45.5,5,4,0,833.861483
14790,квас,s,5.0,80,89,226,квас,13.8,4,4,0,833.226495
28454,писк,s,4.2,83,91,288,писк,16.1,4,3,0,832.892552
37558,рябь,s,3.4,76,89,211,ряб,19.7,4,3,0,832.736524
35886,раковина,s,13.9,96,89,535,рак-1,19.2,5,3,0,832.672925
27298,паук,s,9.9,93,71,294,паук,25.0,5,2,0,831.464265
44804,урна,s,7.8,94,93,375,урн,7.8,4,3,0,831.2
7116,гипс,s,5.5,90,88,256,гипс,10.8,4,3,0,830.828558
28386,пилот,s,26.9,96,90,717,пилот,51.6,4,3,0,830.397431
18702,маяк,s,8.5,95,85,362,ма-2,25.8,5,2,0,829.617562
5096,воск,s,5.2,92,89,268,ващ,10.2,4,3,0,829.131426
45406,фарш,s,6.0,67,77,179,фарш,8.6,4,3,0,828.733256
43636,тумбочка,s,12.1,91,90,469,тумб,16.6,5,3,0,828.345017
4253,виноград,s,10.4,99,92,476,виноград,19.1,5,4,0,828.187941
36461,расческа,s,2.9,71,89,161,чес-1,68.1,5,3,0,828.106227
38627,сера,s,4.0,79,83,192,сер-2,12.1,4,3,0,827.828043
24422,овес,s,5.3,85,88,211,овёс,9.0,4,3,0,827.626075
39048,скатерть,s,12.7,90,91,584,скатер,13.7,5,3,0,826.381054
28666,племя,s,23.1,99,92,838,плем,55.0,4,3,0,824.754258
37198,рожь,s,4.7,88,90,220,рж-2,7.8,4,3,0,824.219001
27418,пень,s,9.3,92,90,414,пен-2,15.6,5,2,0,824.089832
8086,гусеница,s,10.6,93,79,317,гусениц,13.1,5,3,0,823.567775
37644,салфетка,s,11.3,99,93,528,салфет,12.1,5,3,0,823.386321
2522,блик,s,5.4,88,91,312,блик,5.9,4,3,0,822.577865
2721,болт,s,5.1,88,87,243,болт-2,6.0,4,3,0,822.126907
17457,лепесток,s,9.5,97,91,413,лепест,9.5,5,4,0,819
859,апельсин,s,7.6,97,93,401,апельсин,11.5,5,4,0,818.697593
24415,овал,s,4.4,86,89,240,овал,4.9,4,3,0,818.573099
365,аквариум,s,8.3,95,90,371,аквариум,8.9,5,4,0,817.189532
16911,кукуруза,s,6.8,91,86,262,кукуруз,10.4,5,3,0,816.819037
27386,пельмень,s,8.0,96,87,289,пельмен,8.7,5,4,0,816.685323
19663,молоко,s,57.4,99,93,1729,млек,90.7,4,4,0,816.46159
36909,репа,s,2.6,68,86,147,реп-1,6.4,4,3,0,816.316862
3252,бутылка,s,117.1,99,92,2143,бутыл,136.5,4,3,0,816.071096
17267,ласточка,s,6.4,93,91,358,ласт-2,7.2,5,4,0,813.57645
41503,стрекоза,s,4.1,77,84,177,стрек-2,10.5,5,4,0,813.1225
47524,шершавый,a,5.8,85,89,359,шерш,5.8,5,3,0,811.6
15489,колыбель,s,4.5,88,91,286,колыб,7.0,5,4,0,811.224972
14602,карусель,s,5.5,90,90,272,карусель,5.5,5,4,0,811
47641,шкатулка,s,5.3,90,90,254,шкатул,5.7,5,4,0,810.992725
19056,метеорит,s,3.1,71,79,109,метеор,9.0,5,3,0,810.56409
14558,карнавал,s,5.1,84,90,258,карнавал,5.1,5,5,0,810.2
17142,лава,s,4.9,86,84,203,лава,4.9,5,2,0,809.8
8939,динозавр,s,3.1,77,90,186,"дино,завр",6.7,5,3,0,809.114823
39201,скорлупа,s,3.7,88,91,232,скорлуп,5.1,5,3,0,808.687923
27331,паяльник,s,1.3,50,82,69,па(j)-3,13.5,5,3,0,808.378544
37627,саксофон,s,3.6,67,68,119,саксофон,4.8,5,4,0,808.313844
1332,баклажан,s,4.0,61,71,108,баклажан,4.0,5,3,0,808
7118,гирлянда,s,3.9,94,93,259,гирлянд,3.9,5,4,0,807.8
19814,мороженое,s,18.8,97,90,608,мерз,200.9,5,5,0,807.54914
16518,креветка,s,3.7,70,87,157,кревет,3.7,5,3,0,807.4
37847,сандалия,s,3.5,73,87,182,сандали,3.5,5,3,0,807
18384,мандарин,s,3.1,83,89,150,мандарин,3.8,5,4,0,806.864401
14371,канистра,s,3.4,75,87,154,канистр,3.4,5,3,0,806.8
33422,прищепка,s,0.5,35,85,38,щеп,21.1,5,3,0,806.496153
360,акваланг,s,1.9,54,77,71,акваланг,2.8,5,3,0,804.613025
30482,полотенце,s,20.5,95,91,785,плат-2,169.1,5,3,0,803.035476
3185,бумеранг,s,1.5,52,83,92,бумеранг,1.5,5,3,0,803
18496,мармелад,s,1.3,47,78,66,мармелад,1.7,5,4,0,802.973214
776,антилопа,s,1.2,41,81,64,антилоп,1.2,5,3,0,802.4
45664,фламинго,s,0.5,30,82,39,фламинго,0.5,5,3,0,801
8094,густой,a,47.2,99,93,1436,густ,92.4,4,3,0,798.119964
41617,струя,s,20.3,99,93,839,стру(j),36.0,4,3,0,794.616595
43628,туман,s,42.9,100,92,1166,туман,66.4,5,2,0,793.40083
29186,подвал,s,33.5,98,93,1056,вал,484.8,5,2,0,791.159096
30812,понедельник,s,30.8,98,93,1474,де(j),5985.7,4,3,0,786.713902
38205,свист,s,11.9,94,92,575,свист,50.4,4,3,0,785.714993
42706,тесто,s,10.6,99,90,457,тест-1,55.0,4,3,0,784.508875
47172,чистый,a,159.0,100,97,4768,чист,429.2,3,3,0,783.699687
8228,двигать,v,14.3,99,96,820,дви,885.9,4,3,0,781.384634
43594,трясти,v,17.5,93,91,785,тряс,198.5,4,3,0,776.815582
42349,таять,v,11.8,95,93,667,та-2,36.1,4,3,0,772.23749
2235,бетон,s,11.3,94,89,482,бетон,37.2,4,3,0,771.75939
42762,течь,v,33.7,100,94,1370,тач-1,1017.0,4,2,0,770.258828
14693,катить,v,7.6,87,90,405,кат-1,419.2,4,3,0,769.331864
42838,тихий,a,107.3,100,94,2634,тих,444.6,3,4,0,764.456248
35863,район,s,187.8,100,93,5771,район,253.8,3,3,0,764.120141
3019,броня,s,8.1,94,86,321,брон,40.5,4,3,0,763.392527
45477,ферма,s,16.4,96,90,530,ферм,18.2,4,3,0,760.468008
16624,крик,s,72.4,99,94,1904,крик,445.2,4,2,0,759.068127
44131,удача,s,41.3,100,87,1541,да-1,4479.3,2,5,0,752.693472
15166,клоун,s,13.9,92,81,341,клоун,15.8,4,3,0,751.868536
18554,массаж,s,9.5,89,82,341,масс,269.4,4,4,0,751.768574
14593,картофель,s,12.3,98,86,478,картоф,63.0,5,3,0,748.714795
952,арена,s,13.5,96,92,706,арен,13.5,4,3,0,747.25
34912,пушка,s,24.6,99,91,747,пушеч,28.9,5,2,0,746.661052
2977,брить,v,3.4,79,91,207,бр-2,51.0,4,3,0,746.088502
34806,пульс,s,9.4,98,93,497,пульс,17.9,4,3,0,745.400275
3089,бугор,s,10.1,86,85,359,бугор,16.4,4,3,0,745.045422
3693,велосипед,s,23.1,99,93,842,велосипед,28.3,5,4,0,744.744252
37890,сарай,s,23.9,98,91,709,сара(j),27.3,5,2,0,744.701112
47435,шахматы,s,19.0,96,92,633,"шах,мат-1",501.2,4,3,0,743.962087
16005,концерт,s,90.2,99,89,1744,концерт,105.2,4,5,0,743.529259
29744,подсолнух,s,2.4,71,88,140,солн,248.5,5,5,0,742.737279
28254,петля,s,19.4,99,92,778,петел,27.9,5,2,0,740.713742
46453,хруст,s,6.1,80,89,354,хруст,21.0,4,3,0,739.613445
47733,шорох,s,10.9,88,90,532,шорох,10.9,4,3,0,738.15
42243,талия,s,10.6,92,91,483,тали,10.6,4,3,0,737.1
46331,холст,s,8.9,94,89,342,холст,12.2,4,3,0,736.470605
41010,стадо,s,18.6,98,93,730,стад,19.4,5,2,0,733.242631
42169,табуретка,s,14.6,89,89,551,табурет,22.6,5,3,0,731.788402
43674,турист,s,27.0,100,93,994,тур,69.7,4,4,0,730.142614
37652,салют,s,8.1,95,90,395,салют,8.8,4,4,0,729.549619
19191,микроскоп,s,6.0,93,87,278,"микро,скоп",46.4,5,3,0,729.199315
15532,комар,s,15.2,96,89,504,комар,17.8,5,2,0,728.785239
17188,лазер,s,4.8,70,81,161,лазер,13.9,4,3,0,728.588809
38948,сироп,s,7.6,81,52,192,сироп,8.2,4,4,0,727.630056
14260,календарь,s,15.0,100,93,779,календарь,15.0,5,3,0,726.25
3245,бутерброд,s,14.4,95,92,610,бутерброд,14.8,5,4,0,725.547603
10456,жидкий,a,23.0,100,92,1036,жид-2,75.8,4,3,0,725.262125
19156,мигать,v,7.3,85,90,424,мг,236.3,4,3,0,724.598997
19331,мираж,s,6.8,92,90,321,мираж,6.8,4,3,0,723.8
9096,длинный,a,170.1,100,94,3436,дл,491.4,3,3,0,722.786016
15948,конус,s,4.8,86,87,212,конус,6.9,4,3,0,720.142492
31939,праздник,s,115.0,100,95,3597,поражн,222.2,4,5,0,719.706115
45652,фишка,s,5.6,79,87,268,фишк,5.6,4,4,0,719.6
7217,глоток,s,15.8,94,90,656,глат,98.1,4,3,0,718.109356
446,акула,s,9.3,92,80,337,акул,9.9,5,2,0,716.791795
7439,гольф,s,4.5,75,82,172,гольф,4.9,4,3,0,716.4351
39155,сковорода,s,5.8,86,89,261,сковород,14.0,5,3,0,715.769432
47830,шторм,s,7.1,94,88,291,шторм,10.8,5,2,0,715.324245
1155,атлет,s,2.5,74,88,151,атлет,7.3,4,4,0,714.952007
17477,леска,s,4.0,68,86,144,лес-3,4.5,4,3,0,714.849242
8665,десна,s,3.6,81,90,187,дёсен,3.6,4,3,0,712.6
28676,пленка,s,34.9,99,92,1128,плен-2,38.6,4,3,0,710.110218
16726,кроссовок,s,2.8,72,89,178,кросс,10.4,5,3,0,709.443516
998,армия,s,186.4,100,92,3483,арм,224.4,4,2,0,707.908843
24682,одуванчик,s,4.5,87,90,221,одуванчик,4.5,5,4,0,707.875
48464,эскалатор,s,4.4,84,89,188,эскалатор,4.4,5,3,0,707.7
47752,шпала,s,4.0,85,90,212,шпал,4.0,5,2,0,707
42107,сыпать,v,6.6,89,92,407,соп-3,191.9,4,3,0,706.765444
14355,канарейка,s,2.9,55,74,97,канар,4.7,5,4,0,706.460795
9693,дочь,s,142.4,100,95,2662,доч,218.5,3,4,0,705.570974
5071,ворота,s,59.2,100,94,1618,ворот-2,79.3,5,2,0,702.775289
14957,кипеть,v,18.9,99,92,916,кип-1,61.2,4,3,0,702.029996
7831,грести,v,5.7,79,88,260,граб-1,194.0,4,3,0,699.760714
43759,тьма,s,39.5,97,90,1144,тем-2,561.7,4,2,0,697.907032
18362,мама,s,322.6,99,92,3198,мам,377.3,2,4,0,697.759213
31831,поэт,s,155.1,100,92,2049,поэт,195.9,3,4,0,697.241307
14998,кислый,a,11.3,98,94,605,кис-1,85.1,4,3,0,693.030479
41558,строитель,s,28.5,99,92,1317,стра,1345.0,4,3,0,692.627029
16174,короткий,a,175.6,100,93,4629,корач,680.2,3,3,0,691.21088
16739,крошка,s,13.5,97,88,580,крох,65.3,4,3,0,689.072723
10822,завтрак,s,28.3,97,94,1081,завтра,201.6,4,4,0,688.83326
47875,шум,s,66.9,100,95,2131,шум,156.4,4,2,0,680.151575
20001,музыка,s,175.7,100,94,3440,музык,292.1,3,4,0,679.630583
7907,громкий,a,45.9,100,95,1918,грем,447.2,5,2,0,679.088316
2253,библиотека,s,57.7,100,95,1759,"библи,тач-1",1101.0,4,3,0,678.070529
43001,топать,v,9.1,87,90,459,тап-1,73.3,4,3,0,677.480772
30286,ползти,v,22.7,96,91,813,палз,110.7,5,2,0,675.193101
7127,гитара,s,22.2,92,92,767,гитар,27.7,4,3,0,674.393951
16795,крутить,v,26.8,98,94,1232,крут,181.2,4,3,0,674.215384
34790,пузырь,s,16.1,100,90,691,пуз,37.1,4,3,0,673.319779
46977,чернила,s,10.5,95,88,449,черн,439.7,4,3,0,669.868515
47522,шерсть,s,16.9,99,94,715,шерст,30.5,4,3,0,668.110572
33462,пробка,s,21.3,100,93,892,пробк,22.8,4,3,0,666.111724
7369,голень,s,4.3,82,78,177,гал,108.1,4,3,0,664.67975
16891,кузнец,s,6.6,91,88,238,ков,67.9,4,4,0,663.507952
36753,резина,s,9.7,96,94,509,резин,37.4,4,3,0,657.140354
4629,водолаз,s,3.5,68,84,127,"лаз,вод-2",1115.3,4,3,0,656.195991
23477,нырять,v,8.7,93,91,466,ныр,34.7,4,3,0,652.124946
42558,теннис,s,12.4,86,59,379,теннис,23.4,4,4,0,651.10225
47026,чертеж,s,17.0,97,75,494,чертеж,17.0,4,3,0,651
47955,щелчок,s,6.3,87,89,345,щелк,42.2,4,3,0,648.915642
34673,прятать,v,26.9,98,93,1120,прят,131.4,4,3,0,648.632517
46917,чемпион,s,35.4,96,88,1212,чемпион,97.9,4,5,0,647.174641
2719,болото,s,25.3,100,93,907,болач,37.3,5,2,0,646.079307
15454,колонна,s,41.6,98,93,1185,колон,80.6,4,3,0,644.761873
46296,хоккей,s,11.7,83,77,346,хоккей,16.7,4,4,0,641.934592
3923,вешалка,s,8.8,91,90,449,вес-1,358.6,4,3,0,640.438599
19949,мрамор,s,8.1,95,93,426,мрамор,21.8,4,3,0,639.865022
40614,спектакль,s,164.7,100,88,1819,спектакль,165.8,4,4,0,639.185898
33369,причал,s,9.7,90,85,308,чал-1,16.5,4,3,0,637.953261
3009,бронза,s,6.7,95,93,408,бронз,21.9,4,3,0,636.339648
27193,паспорт,s,49.6,100,94,1461,паспорт,59.8,4,3,0,636.154324
26992,папа,s,143.4,100,91,2079,пап,176.1,3,5,0,635.644429
48789,ячейка,s,11.1,97,87,499,яче(j),11.8,4,3,0,634.333948
36724,режиссер,s,103.5,98,88,1848,режисс,132.0,4,4,0,633.769117
46210,хлопать,v,20.2,96,91,861,хлоп,141.6,4,3,0,633.704899
35177,радость,s,137.2,100,92,3583,рад-1,466.9,3,5,0,632.745407
8394,дед,s,110.1,100,91,1546,дед,177.7,3,3,0,629.433549
9715,дракон,s,16.6,97,85,431,дракон,18.8,5,2,0,626.498679
27350,педаль,s,8.6,93,93,439,педаль,8.6,4,3,0,625.8
39147,скобка,s,6.4,96,94,431,скоб,11.0,4,3,0,625.171412
7775,гранит,s,5.5,96,93,330,гранит,12.0,4,3,0,624.372115
24058,обочина,s,14.7,94,93,735,бок,168.3,4,3,0,624.348552
17070,курьер,s,6.8,93,90,284,курьер,8.1,4,3,0,622.26477
15681,компот,s,7.2,87,80,305,компот,7.2,4,4,0,621.6
7161,гладкий,a,23.9,99,94,1083,глад-1,95.6,4,4,0,619.5
46315,холодильник,s,29.1,100,92,1015,хлад,312.2,5,4,0,619.144214
17394,лезвие,s,11.3,92,91,474,лез-3,11.3,5,2,0,616.95
3721,вентилятор,s,5.6,92,86,261,вентил,17.8,5,3,0,614.975981
15635,компас,s,4.8,86,86,231,компас,4.8,4,3,0,614.4
6628,гавань,s,4.3,83,88,206,гаван,4.7,4,4,0,613.48666
3061,брюнет,s,2.4,75,88,146,брюнет,7.4,4,3,0,612.642785
28371,пикник,s,4.1,85,89,224,пикник,4.1,4,5,0,612.3
36547,рвать,v,22.2,98,93,971,рв,989.0,4,2,0,609.306069
48107,экскаватор,s,5.7,83,81,209,экскав,6.6,5,3,0,609.200272
17145,лавина,s,5.0,86,92,302,лавин,5.5,5,2,0,607.866066
3190,бункер,s,5.2,82,88,191,бункер,5.2,5,2,0,607.8
4903,волейбол,s,3.7,80,88,222,"волейбол,бол-2",2911.6,4,3,0,607.585356
18776,медуза,s,4.8,77,72,143,медуз,4.8,5,2,0,607.2
27008,папоротник,s,3.7,71,86,161,папорот,3.7,5,3,0,605.55
7478,гончар,s,1.2,46,84,72,гончар,2.3,4,3,0,604.983974
34851,пустой,a,127.5,100,94,3030,пуст-2,315.1,4,2,0,600.656469
30374,полиция,s,38.2,99,93,1226,полици,38.2,4,3,0,595.5
12714,зоопарк,s,12.4,98,90,484,"зоо,парк",109.3,4,4,0,592.036677
37042,решетка,s,29.0,100,95,1136,решет,36.5,4,3,0,581.336492
28749,плотник,s,7.2,91,89,328,плач-3,141.9,4,3,0,579.909324
1258,аэропорт,s,37.2,99,93,1182,"аэр,порт-3",208.6,4,3,0,576.180816
25554,осколок,s,20.4,98,93,858,кал-2,170.6,5,2,0,573.741949
1554,батарея,s,28.7,99,87,753,батаре,28.7,4,3,0,571.75
15720,конверт,s,25.4,97,92,820,конверт,28.6,4,3,0,567.381377
20143,мысль,s,331.6,100,96,5346,мысел,1248.2,1,3,0,562.9339
30141,покой,s,59.0,100,95,2013,пока-1,437.8,3,4,0,562.512178
37249,роман,s,157.7,100,93,2696,роман,163.7,3,4,0,562.351983
46617,целый,a,222.5,100,98,6702,цел-2,461.9,2,3,0,561.018312
1529,баскетбол,s,4.8,67,86,202,"баскет,бол-2",2916.3,4,3,0,557.049777
9365,долгий,a,135.5,100,97,4654,долг-1,1010.9,2,3,0,555.155958
1448,барабан,s,15.7,99,91,593,барабан,27.1,4,3,0,551.56731
44530,умный,a,91.5,100,96,2619,ум,1078.5,2,4,0,549.741686
47264,чудо,s,85.4,100,94,2676,чуд-1,221.0,3,5,0,549.521974
8970,дирижер,s,14.7,88,87,495,дириж,21.3,4,3,0,544.237286
19670,молоток,s,12.4,98,93,587,молач,24.2,4,4,0,543.307043
19324,минута,s,344.2,100,95,5853,минут,378.3,2,3,0,541.271129
42985,тонкий,a,112.4,100,95,3163,тон-1,288.4,3,3,0,540.13465
22696,нерв,s,35.1,99,83,1220,нерв,125.8,4,2,0,532.899661
18619,материк,s,8.2,96,87,313,матер,20.1,4,3,0,532.09556
44933,успех,s,149.5,100,94,5547,спе,607.3,2,4,0,527.303053
36568,реактор,s,6.6,81,85,227,реакт,17.5,4,3,0,526.867732
39458,слесарь,s,9.3,94,91,408,слесар,10.9,4,3,0,525.170667
742,антенна,s,8.5,95,92,375,антенн,9.8,4,3,0,522.817208
43371,треугольник,s,14.5,98,87,608,треугольн,22.4,5,3,0,522.527761
2547,блондин,s,4.6,86,87,214,блондин,17.5,4,3,0,522.430448
31129,портной,s,4.5,86,92,232,порт-1,17.2,4,3,0,521.994317
34318,простыня,s,18.2,94,91,660,праст,793.3,5,2,0,520.158479
36899,рентген,s,3.6,91,90,200,рентген,11.7,4,3,0,516.224981
19591,мозаика,s,5.6,96,91,369,моза,7.5,4,4,0,516.201852
2291,бильярд,s,4.8,85,86,226,бильярд,8.7,4,3,0,516.155494
13229,изумруд,s,3.4,70,82,125,изумруд,8.2,4,4,0,513.200379
18400,манекен,s,3.2,77,90,181,манекен,6.8,4,3,0,511.661904
18410,маникюр,s,3.0,70,81,140,маникюр,4.6,4,4,0,509.287088
28608,платина,s,2.5,59,74,90,платин,5.3,4,4,0,509.100137
1653,бежевый,a,3.5,77,89,186,бежев,3.5,4,3,0,508.75
18450,марафон,s,3.0,65,86,181,марафон,4.0,4,4,0,508.660254
35916,ранний,a,225.7,100,98,6533,ран-2,508.8,2,3,0,508.312266
11653,запах,s,94.1,100,93,2122,пах-1,223.8,3,3,0,507.917173
34817,пунктир,s,2.5,73,88,144,пунктир,3.7,4,3,0,507.603453
35872,рак,s,22.2,99,94,886,рак-2,27.0,4,2,0,505.085956
10413,жечь,v,14.1,96,93,686,жг,180.7,4,2,0,500.95286
18216,май,s,97.0,100,93,3815,ма(j)-1,126.9,3,4,0,499.262782
7530,горизонт,s,33.7,100,95,1313,горизонт,51.4,4,3,0,483.238933
42275,танк,s,52.6,97,89,965,танк,80.2,5,1,0,464.950135
26668,официант,s,20.7,93,85,497,официант,30.7,4,3,0,450.417854
38656,сердце,s,245.1,100,93,4518,серд,363.4,3,2,0,447.667304
33385,прическа,s,15.4,96,93,664,чес,17.8,4,4,0,433.113139
42162,табличка,s,15.1,98,93,694,таблич,16.0,4,3,0,431.086975
48517,этикетка,s,8.6,97,89,450,этик,27.9,4,3,0,430.979994
45718,фокусник,s,5.1,83,82,239,фокус,25.1,4,4,0,422.628301
7608,горький,a,32.0,100,95,1346,гар,559.1,4,2,0,417.197488
567,алюминий,s,10.9,88,88,458,алюмин,26.6,5,2,0,417.027625
28262,петрушка,s,7.7,86,77,261,петруш,7.7,4,4,0,415.4
42699,тесный,a,37.6,99,97,1848,тесн,153.0,4,2,0,413.770822
15616,комната,s,310.7,100,93,3661,комнат,351.9,2,3,0,413.323666
4426,власть,s,435.6,100,93,8885,влад,691.6,2,2,0,411.654333
16702,крокодил,s,10.7,96,91,410,крокодил,12.4,5,2,0,411.51868
46519,царапина,s,5.4,88,91,323,царап,22.6,5,2,0,411.047172
12882,иероглиф,s,4.8,86,88,219,иероглиф,5.3,4,3,0,410.087616
27092,парковка,s,4.4,67,85,208,парков,4.9,4,3,0,409.286549
16280,космос,s,33.3,99,93,1133,кос-3,148.2,4,2,0,405.374973
39221,скорпион,s,4.7,80,87,228,скорпион,4.7,5,2,0,404.7
39268,скрип,s,10.6,90,91,528,скрип,74.0,4,2,0,399.012498
27425,пепел,s,12.8,96,93,626,пепел,29.6,4,2,0,384.06347
3910,вечер,s,335.4,100,95,5441,вечер,569.3,2,2,0,382.34919
16261,косметика,s,13.2,94,79,468,космет,25.2,4,4,0,381.917237
25336,оранжевый,a,15.6,99,93,678,оранжев,16.3,4,4,0,377.905779
6699,галактика,s,12.5,83,72,220,галактик,16.3,4,4,0,374.979679
31730,почерк,s,16.3,98,95,725,черк,147.3,4,2,0,373.499847
16124,коричневый,a,25.5,100,93,947,кор-1,88.7,4,3,0,371.338366
38220,свобода,s,174.9,100,92,4194,свобод,499.6,2,5,0,369.501438
30439,половина,s,158.8,100,95,5702,пол-5,851.3,2,3,0,367.677087
42867,тлеть,v,4.7,88,90,297,тл-1,19.2,4,2,0,366.624079
309,адрес,s,92.7,100,94,3560,адрес,118.1,3,3,0,366.212244
39734,смородина,s,5.0,89,81,221,смерд,10.9,4,4,0,362.91922
44391,уксус,s,6.0,85,76,230,уксус,7.6,4,2,0,361.81736
46618,цель,s,315.5,100,93,9400,цел-1,413.1,1,3,0,361.016689
17920,лопух,s,5.5,80,87,274,лопух,5.5,4,2,0,359.625
37333,ртуть,s,3.7,82,86,186,ртут,7.9,4,2,0,359.461336
9810,дрожать,v,50.5,96,91,1274,драг,147.9,4,2,0,358.028859
47903,шутка,s,62.7,100,96,2023,шут,166.7,3,3,0,357.824122
28147,перламутр,s,1.9,65,88,115,перламутр,5.7,4,4,0,355.759069
47600,широкий,a,183.9,100,93,6315,шир-1,438.2,2,4,0,354.843672
44277,узкий,a,88.3,100,91,2615,уж-2,114.5,3,3,0,351.925827
17671,липкий,a,9.4,95,90,469,лип,58.9,4,2,0,335.294971
42913,толкать,v,18.5,98,94,919,талк,238.0,4,2,0,332.943882
45628,фиолетовый,a,12.4,99,92,544,фиолет,12.4,4,3,0,318.6
15854,конструктор,s,25.6,97,85,904,конструк,115.9,4,4,0,318.088178
9413,доля,s,111.4,100,92,4314,дол-1,215.2,2,3,0,309.666143
11184,закат,s,18.3,96,93,829,кат-1,419.2,3,3,0,306.552051
41509,стрелка,s,23.0,100,93,973,стрел,347.1,5,1,0,305.843322
39107,склад,s,46.7,100,95,1701,кла,630.5,2,5,0,300.288731
43409,трещина,s,18.8,100,92,778,трес,76.5,4,2,0,297.404509
19846,морщина,s,12.2,92,91,558,морщ,61.3,4,2,0,284.183786
16111,корзина,s,19.4,100,92,765,корзин,25.8,4,2,0,277.96538
41626,студент,s,105.4,100,95,2737,студент,116.6,3,3,0,277.146622
35121,радио,s,49.3,100,95,1652,радио,122.7,3,3,0,272.216086
42204,тайна,s,88.9,100,93,2509,та(j)-1,262.4,2,4,0,267.282697
42398,текст,s,146.2,100,93,3769,текст,158.0,2,3,0,265.97467
17324,левый,a,117.2,100,96,2876,лев-2,193.9,2,3,0,263.809699
9580,доска,s,67.1,100,94,1759,доск,79.5,3,3,0,255.630617
38744,сеть,s,105.5,100,91,3481,сет-1,151.1,2,3,0,252.515742
46769,цифра,s,62.2,100,95,2876,цифир,77.4,3,3,0,242.847545
36705,редкий,a,90.2,100,97,3300,ред,269.2,2,4,0,233.73947
2511,близкий,a,206.8,100,98,6077,ближ,629.8,1,3,0,225.557157
12455,здоровье,s,106.0,100,94,3768,здорав,459.1,2,5,0,220.600544
23435,ноябрь,s,70.1,100,93,2793,ноябр,74.1,3,3,0,216.216766
3887,ветка,s,39.7,99,91,1193,вет-2,93.4,3,3,0,213.126148
10397,жест,s,45.2,100,94,1398,жест,61.5,3,3,0,210.895235
17134,лабиринт,s,9.3,98,91,416,лабиринт,9.3,4,2,0,209.3
19887,мотор,s,47.3,98,94,1366,мотор,61.9,3,3,0,189.384285
13491,инженер,s,63.1,100,93,1983,инженер,86.7,3,3,0,184.911634
43322,тренер,s,37.1,92,84,895,трен,102.4,3,4,0,184.909059
45430,февраль,s,69.7,100,93,2929,феврал,75.4,3,3,0,181.234999
39390,сладкий,a,38.4,99,94,1474,слад,135.4,3,5,0,180.266469
5668,вторник,s,19.3,95,89,1147,втор,383.0,4,1,0,178.7351
27191,пасмурный,a,4.0,88,92,274,смур,4.0,4,2,0,178.5
14124,июнь,s,84.0,100,92,3358,июнь,87.4,2,3,0,171.366274
27086,парк,s,69.5,100,95,2230,парк,90.8,2,4,0,158.87857
45348,фамилия,s,118.1,100,95,2820,фамили,118.1,2,3,0,147.625
69,август,s,91.0,100,93,3185,август,97.7,2,3,0,141.435763
9145,добро,s,59.0,100,95,1954,дабр,440.7,1,4,0,141.093038
2733,больница,s,96.6,100,95,2365,бал-1,817.6,3,1,0,140.517045
30002,поздний,a,157.7,100,97,4753,пазд,316.6,2,2,0,139.653338
6854,ген,s,28.4,98,78,569,ген,133.4,2,3,0,138.490379
3308,быстрый,a,119.8,100,97,4403,быстр,406.2,1,3,0,137.872733
6889,гений,s,39.2,99,94,1269,гений,39.2,3,5,0,137.2
38498,секунда,s,105.2,100,94,2527,секунд,113.9,2,3,0,136.829502
3355,вагон,s,70.9,100,93,1365,вагон,82.8,2,3,0,134.083808
24939,октябрь,s,92.2,100,93,3522,октябр,112.3,2,3,0,127.193627
8445,декабрь,s,92.7,100,92,3683,декабр,105.1,2,3,0,123.381839
12403,звено,s,27.4,100,91,1414,звен-1,44.0,3,3,0,121.526129
46855,частый,a,114.6,100,96,4459,част-2,210.2,1,3,0,116.404542
16670,кровать,s,88.4,98,92,1568,кроват,94.6,2,3,0,114.309339
43819,тяжелый,a,180.3,100,97,4849,тяжел,180.3,2,2,0,112.6875
28288,печать,s,59.6,100,93,2348,печат,344.0,1,3,0,107.389944
21174,насос,s,13.6,97,79,415,сас,69.2,3,3,0,107.371877
41690,суббота,s,37.3,100,93,1650,суббот,44.5,3,4,0,101.853142
41306,стих,s,11.2,95,89,367,стих,226.2,2,4,0,100.666578
3128,буква,s,63.5,100,95,1987,бук-1,149.6,1,3,0,85.282655
4892,вокзал,s,51.0,99,94,1467,вокзал,61.1,2,3,0,83.733058
19393,миф,s,28.9,100,91,1059,миф,46.0,2,3,0,82.037111
39641,смелый,a,26.0,100,96,1289,сме-2,114.7,2,5,0,81.914284
14122,июль,s,77.0,100,93,3119,июл,81.1,1,3,0,79.023414
38665,серебро,s,15.1,100,94,727,серебр,64.8,3,4,0,78.201662
47936,щека,s,71.3,99,90,1377,щек,83.7,1,4,0,77.251602
42196,тайга,s,19.5,96,87,469,таёж,24.7,3,3,0,76.812841
37018,рецепт,s,20.6,100,94,1103,рецепт,29.5,3,3,0,73.954716
7025,гигант,s,12.7,99,94,706,гигант,47.0,3,3,0,73.294611
37097,ритм,s,30.6,99,94,1213,ритм,42.7,2,3,0,72.294398
28556,планета,s,51.4,100,87,1587,планет,65.0,2,3,0,72.25173
35035,пятница,s,30.1,100,92,1518,пят-1,109.0,2,4,0,71.598926
3872,весы,s,14.2,97,90,623,вес-1,358.6,1,4,0,71.359092
16573,кресло,s,93.6,100,93,2076,кресел,94.4,1,4,0,70.499362
39673,сметана,s,9.0,93,83,368,ме,348.8,2,4,0,70.035705
1923,белка,s,11.6,98,89,531,бел,509.6,2,2,0,67.274698
24971,олень,s,15.6,98,76,412,олен,23.6,3,3,0,67.156236
3381,вакцина,s,18.4,56,71,213,вакцин,35.6,3,3,0,63.984373
47063,четверг,s,21.8,96,91,1254,четвер,114.6,2,3,0,62.478496
7074,гимн,s,14.8,97,92,669,гимн,15.8,3,4,0,61.167312
30471,полоса,s,61.6,100,93,2104,полос-1,96.2,1,4,0,57.734998
27200,пассажир,s,47.4,100,94,1574,пассажир,61.9,2,3,0,54.166964
15186,клюв,s,6.6,89,90,324,клев,27.5,3,3,0,53.888774
2688,бокс,s,12.5,99,89,488,бокс,14.1,3,3,0,53.103672
1354,баланс,s,27.8,98,89,1362,баланс,44.2,2,3,0,52.58051
16616,кривой,a,18.3,99,93,843,крив,66.4,3,2,0,52.287857
4313,витамин,s,18.6,99,88,600,витамин,21.4,3,4,0,49.87735
6752,гараж,s,26.6,98,90,850,гараж,28.5,3,2,0,48.183828
15944,контур,s,15.3,100,89,777,контур,16.7,3,3,0,47.95404
23411,нота,s,23.6,99,93,917,нота,23.6,2,3,0,47.2
38613,сентябрь,s,92.1,100,92,3766,сентябр,95.3,1,4,0,46.843169
18521,маршрут,s,34.2,100,94,1425,маршрут,37.6,2,3,0,44.824658
46451,хрупкий,a,16.7,100,95,918,хруп,18.6,3,3,0,44.061037
14758,квадрат,s,16.9,100,93,702,квадр,65.6,2,3,0,41.620308
38597,сено,s,17.2,98,91,611,сен-1,24.2,2,3,0,40.803921
122,автобус,s,64.8,100,94,1707,автобус,64.8,1,3,0,40.5
2919,бревно,s,22.6,98,90,653,бревен,28.6,2,4,0,38.135417
5105,воскресенье,s,39.0,100,94,1638,крес-1,81.9,2,4,0,35.322731
7286,гнездо,s,20.8,99,93,825,гнезд,26.5,2,3,0,35.216473
48100,экран,s,71.9,100,94,1975,экран,85.5,1,2,0,34.302483
1161,атом,s,20.5,90,74,442,атом,55.5,1,4,0,33.73055
48437,эра,s,28.2,99,83,891,эр,29.1,1,3,0,32.227274
19718,монета,s,17.5,99,93,679,монет,24.8,2,3,0,31.249
14456,капуста,s,21.7,98,90,799,капуст,27.5,3,2,0,30.535584
9482,донор,s,7.5,70,79,259,донор,10.1,3,4,0,30.462067
48047,экзамен,s,45.4,100,92,1394,экзамен,52.0,2,2,0,30.36754
36834,рекорд,s,16.3,97,88,819,рекорд,24.9,2,4,0,30.219323
3716,венок,s,9.1,94,92,422,вен,90.3,1,3,0,25.082604
17973,лужа,s,22.2,95,91,890,луж-3,24.8,3,1,0,23.464015
14129,йога,s,4.8,70,77,136,йог,6.8,3,4,0,22.852571
18507,март,s,88.1,100,93,3429,март,93.0,1,1,0,22.629212
1970,бензин,s,22.0,99,93,963,бензин,27.6,2,2,0,18.481071
46035,хаос,s,17.9,100,91,777,хаос,17.9,2,2,0,17.9
6730,галстук,s,28.0,98,93,932,галстук,28.5,3,1,0,17.655559
27120,пароль,s,5.8,94,90,285,пароль,5.8,3,3,0,17.4
47324,шаблон,s,5.4,70,77,186,шаблон,6.2,3,3,0,17.358571
17828,ловкость,s,4.7,94,93,313,лав-2,200.3,1,4,0,15.341203
31082,порог,s,64.2,100,94,2029,порог,67.0,1,1,0,14.346732
5060,ворона,s,12.6,96,90,512,ворон-1,24.2,1,4,0,13.096469
7995,грусть,s,14.9,98,94,721,груст,80.7,2,1,0,13.003527
17264,ласт,s,1.7,55,84,79,ласк,78.8,1,4,0,11.574109
37112,рифма,s,8.5,96,91,337,рифм,11.7,1,3,0,8.725904
526,алфавит,s,5.8,94,89,296,алфавит,7.0,2,3,0,7.964766
18704,маятник,s,5.1,89,89,256,ма-2,25.8,1,3,0,7.16927
14833,керамика,s,4.4,81,83,219,керам,9.5,2,3,0,6.465292
47529,шестеренка,s,1.3,59,88,95,шест-2,27.7,2,2,0,2.250312
