Number,Lemma,PoS,IPM,R,D,Doc,root,root_IPM,imageability,emotional_valence,is_profane,final_ranking_score
10482,жизнь,s,1389.8,100,96,14894,жи,3660.6,5,4,0,2655.54913
41425,стоять,v,419.3,100,93,5109,ста(j),12093.6,4,3,0,2451.854009
12872,идти,v,957.1,100,96,13815,и-1,5267.6,3,3,0,2245.355197
4179,видеть,v,818.2,100,96,9914,вид,3210.8,4,3,0,1820.825888
37378,рука,s,1200.6,100,94,10370,рук,1646.1,5,3,0,1805.8121
17781,лицо,s,878.0,100,91,10267,лик-1,2244.7,5,3,0,1803.868441
35048,работа,s,1058.3,100,95,18222,раб,2784.6,3,3,0,1716.666007
2753,большой,a,944.4,100,97,17589,бол-2,2905.7,3,3,0,1656.545526
7380,голова,s,709.4,100,93,6937,глав,1902.6,5,3,0,1561.767808
39509,слово,s,967.9,100,96,14564,слав-1,1882.4,4,3,0,1549.805527
8578,день,s,1258.4,100,97,17383,ден,1412.2,4,3,0,1533.083823
9823,друг,s,874.2,100,97,9689,друг,1701.3,4,5,0,1419.539446
9414,дом,s,792.6,100,96,10527,дом,1296.3,5,4,0,1413.630791
17390,лежать,v,318.1,100,94,5232,лаг,4386.6,4,3,0,1381.260962
41446,страна,s,725.7,100,93,14384,сторон,2506.9,3,4,0,1348.798476
7571,город,s,573.4,100,96,10646,гораж,1478.2,5,3,0,1320.651878
7168,глаз,s,857.6,100,93,7664,глаз,931.3,5,3,0,1293.690595
38801,сидеть,v,538.1,100,94,5916,сад,2104.1,4,3,0,1264.056488
28451,писать,v,444.3,100,96,6914,пис,2500.2,4,3,0,1253.963405
10782,завод,s,164.0,100,93,3940,важ-2,4275.9,5,3,0,1237.405278
21041,народ,s,385.6,100,95,6870,род,2504.3,4,4,0,1182.679032
7336,говорить,v,1755.0,100,96,17120,говар,3110.9,2,3,0,1168.292504
10360,жена,s,376.8,100,94,4361,жен,1144.4,5,4,0,1056.66576
33122,природа,s,169.9,100,93,4373,род,2504.3,5,5,0,1052.288717
30433,полный,a,390.6,100,98,10687,полн,1836.4,4,3,0,1046.934378
6338,высокий,a,483.3,100,96,12042,выс,1322.7,4,3,0,999.537935
7349,год,s,3727.5,100,94,29477,год,4245.5,1,3,0,994.519396
29157,подарок,s,75.4,100,96,2543,да-1,4479.3,5,5,0,981.153353
41345,стол,s,402.5,100,94,4738,сл-2,835.4,5,3,0,979.869382
36229,рассказ,s,131.3,100,96,2989,каж-1,6686.7,3,3,0,936.997177
7411,голос,s,424.5,100,93,5099,глас,1237.7,4,3,0,924.847329
12619,знак,s,108.0,100,95,3241,зна(j),4761.2,4,3,0,917.084095
16485,красный,a,240.5,100,96,4981,крас-1,1104.1,5,3,0,915.301902
23324,нога,s,459.2,100,93,5061,ног,557.5,5,3,0,905.968378
19330,мир,s,714.7,100,95,12334,мир-1,1147.6,3,4,0,905.643263
47180,читать,v,304.4,100,96,5215,ч-3,2571.1,3,3,0,884.671035
24584,одеяло,s,38.8,98,91,1086,де(j),5985.7,5,4,0,881.918209
38813,сила,s,645.8,100,97,12231,сил-1,1203.0,3,4,0,881.417835
8223,дверь,s,450.8,100,92,4289,двер,502.9,5,3,0,876.137921
37731,самолет,s,166.1,100,92,2777,"сам,лет-2",1353.9,5,3,0,874.218083
15214,книга,s,413.9,100,96,5659,книг,539.9,5,4,0,872.720435
18346,мальчик,s,188.0,100,92,2783,мал-1,1158.6,5,4,0,866.708474
9553,дорога,s,330.1,100,96,6034,дорог-2,657.2,5,3,0,865.770029
43127,точка,s,232.2,100,94,7224,тк,917.9,5,3,0,861.666958
18082,любовь,s,323.9,100,91,5147,люб,1326.0,4,5,0,855.355934
4604,вода,s,484.8,100,96,6606,вод-2,791.4,4,3,0,819.411592
1955,белый,a,339.6,100,95,5693,бел,509.6,5,4,0,816.005
29918,поезд,s,93.3,100,94,1973,езд,1769.4,5,3,0,806.306559
10227,ехать,v,198.2,100,95,3686,езд,1769.4,4,3,0,792.195137
16824,крыша,s,85.0,100,95,2423,кров-2,1788.0,5,3,0,789.846123
23910,обнимать,v,20.2,94,91,795,ем,7446.5,5,4,0,787.839271
44419,улица,s,337.8,100,96,6496,ул-1,413.1,5,3,0,773.557465
24845,окно,s,280.8,100,93,3883,ок,462.5,5,3,0,760.374805
39594,слышать,v,256.1,100,94,4462,слух,1214.8,4,3,0,757.772606
38118,свет,s,359.7,100,95,6490,свес,854.5,4,4,0,754.403869
46831,час,s,468.1,100,98,8561,час,649.5,4,3,0,751.390016
42381,театр,s,305.3,100,89,3128,театр,396.3,5,4,0,747.836729
48689,язык,s,324.9,100,96,6036,язык,370.1,5,3,0,746.764315
16741,круг,s,157.4,100,97,5010,круг,751.1,5,3,0,743.83592
1652,бежать,v,143.6,100,93,2758,бег,800.3,5,3,0,739.003068
37591,сад,s,135.8,100,90,2783,сад,2104.1,4,3,0,734.543525
168,автомобиль,s,156.9,100,92,3453,"авто,мобиль",712.9,5,3,0,734.445825
45141,утро,s,301.3,100,95,4993,утр-1,358.4,5,3,0,728.612112
8364,девочка,s,185.1,100,92,2621,дев,553.9,5,4,0,720.198204
37514,рынок,s,283.3,100,92,6951,рынок,329.4,5,3,0,705.48162
14780,квартира,s,290.9,100,95,4447,квартир,315.8,5,3,0,703.094408
42485,тело,s,285.9,100,92,4943,тел-1,317.0,5,3,0,701.048667
41212,стена,s,261.0,100,94,4312,стен-2,334.6,5,3,0,695.517512
15761,конец,s,634.7,100,98,11758,кан,3021.6,3,2,0,692.425
5028,вопрос,s,805.8,100,95,15789,праш,2326.7,2,3,0,684.626698
39416,след,s,86.9,100,95,2459,след,2659.2,4,3,0,680.712471
23429,ночь,s,402.8,100,95,5349,ноч-2,555.0,4,3,0,672.814974
4778,воздух,s,192.2,100,96,4322,дух,1156.0,4,3,0,671.36313
29072,погода,s,51.7,100,96,2085,год,4245.5,4,3,0,668.500107
19975,муж,s,263.0,100,88,3319,муж,832.5,4,3,0,667.918262
12527,зеркало,s,70.5,100,94,1933,зар,1017.3,5,3,0,667.805246
7682,гость,s,192.7,100,95,4202,гащ,364.1,5,3,0,664.881238
15193,ключ,s,78.0,100,95,2168,клюк-1,888.7,5,3,0,663.284257
17542,лететь,v,82.9,99,94,2146,лет-2,807.5,5,4,0,658.731038
3805,вертолет,s,38.7,97,89,872,"вер-2,лет-2",1638.8,5,3,0,651.836375
6656,газета,s,237.5,100,94,5350,газет,266.2,5,3,0,651.440848
16448,краска,s,57.1,100,95,1907,крас-1,1104.1,5,3,0,651.085862
28706,плечо,s,236.4,100,92,3181,плёк,261.3,5,3,0,648.538367
45239,учитель,s,113.8,100,94,2675,ук,1733.3,4,4,0,644.127842
2896,брат,s,203.0,100,95,3497,брат,283.2,5,5,0,639.76989
7620,горячий,a,98.0,100,96,3141,гар,559.1,5,3,0,634.076483
13569,институт,s,226.5,100,94,5848,институт,240.6,5,3,0,633.443569
30256,поле,s,180.2,100,95,4716,пол-2,285.1,5,4,0,626.660583
26914,палец,s,219.1,100,92,3040,пал-3,233.5,5,3,0,626.185433
30383,полка,s,41.9,100,94,1410,"пол-1,пал-2,пол-5",1199.9,5,3,0,624.222679
19797,море,s,159.5,100,95,3188,мор-2,314.6,5,4,0,624.006027
10560,журнал,s,162.0,100,94,4606,журнал,295.2,5,3,0,618.683333
12506,земля,s,494.4,100,96,7260,зем,768.9,3,3,0,616.558318
33802,прозрачный,a,46.0,100,96,1950,зар,1017.3,5,3,0,616.323369
42022,сцена,s,177.2,100,92,2926,сцен,263.5,5,3,0,616.08378
21512,небо,s,187.6,100,94,3396,неб,238.8,5,5,0,611.657459
8138,далекий,a,318.3,100,96,6925,дал,1174.2,3,3,0,611.349213
40184,солнце,s,165.2,100,94,3127,солн,248.5,5,5,0,602.613425
21727,неделя,s,242.2,100,96,7197,де(j),5985.7,2,3,0,602.025029
28767,площадь,s,145.2,100,95,4265,плоск,280.1,5,4,0,601.669333
45183,ухо,s,139.3,100,92,2644,ух-1,286.2,5,3,0,599.668876
40696,спина,s,183.1,100,92,2826,спин,211.2,5,3,0,596.648722
1978,берег,s,164.7,100,94,2868,берег-2,230.6,5,4,0,594.884119
42469,телефон,s,167.8,100,94,3648,телефон,225.8,5,3,0,594.651586
28487,пить,v,200.9,100,93,3381,па-2,773.5,4,3,0,594.203184
30232,пол,s,181.9,100,94,3533,пол-5,851.3,4,3,0,593.511715
3180,бумага,s,155.8,100,96,3570,бумаг,228.1,5,3,0,588.515198
31222,поселок,s,55.7,100,94,1747,сел,594.3,5,3,0,581.940952
14315,камень,s,131.9,100,95,2922,кам,227.5,5,3,0,573.226008
11252,закон,s,433.4,100,90,8195,кан,3021.6,2,3,0,572.180356
1283,бабушка,s,101.8,100,92,1927,баб,289.5,5,5,0,571.671489
24501,огонь,s,139.8,100,95,3062,огн,209.3,5,4,0,571.055956
7488,гора,s,115.5,100,95,2847,гор-1,251.6,5,4,0,570.469352
29521,поднос,s,11.6,91,91,452,наш,2463.4,5,3,0,569.042716
47652,школа,s,316.0,100,95,6058,школ,430.0,4,3,0,568.619045
23391,нос,s,138.8,100,92,2546,нос-1,201.9,5,3,0,567.402867
37340,рубашка,s,45.9,99,92,1288,руб,600.6,5,3,0,566.034755
38163,свеча,s,31.6,100,93,1068,свес,854.5,5,3,0,564.323462
38441,седло,s,12.8,93,88,378,сад,2104.1,5,3,0,564.111182
17529,лестница,s,83.1,100,93,1827,лаз,323.9,5,3,0,564.061239
26791,очки,s,56.0,99,93,1546,ок,462.5,5,3,0,560.934769
9941,духи,s,22.3,99,94,787,дух,1156.0,5,4,0,560.557778
3880,ветер,s,140.3,100,93,2716,ветер,181.0,5,3,0,559.355891
4937,волос,s,141.8,100,92,2310,влас,178.9,5,3,0,559.273413
36808,река,s,131.0,100,94,2698,рек-1,182.2,5,4,0,554.493366
39816,снег,s,125.2,100,93,2190,снег,189.1,5,4,0,553.867865
46809,чай,s,106.8,100,93,2178,ча(j)-2,219.3,5,4,0,553.039995
39883,собака,s,132.2,99,93,2394,собак,175.1,5,3,0,552.145391
18156,магазин,s,147.2,100,95,3858,магазин,157.0,5,4,0,552.021051
7955,грудь,s,138.8,100,91,2307,груд-1,165.5,5,3,0,551.563188
8020,губа,s,143.0,100,90,1931,губ-2,158.5,5,3,0,550.550656
14151,кабинет,s,148.5,100,95,2907,кабинет,152.3,5,3,0,550.387998
15386,колено,s,102.8,100,92,2028,колен,216.3,5,3,0,549.116196
12390,звезда,s,122.7,100,95,3171,звезд,179.8,5,4,0,548.531007
8619,деревня,s,125.1,100,94,2571,дерев-1,163.6,5,3,0,543.060686
11615,запад,s,88.9,100,93,2911,па-1,1309.6,4,3,0,541.208792
41778,судья,s,85.2,100,83,1677,суд-1,1358.8,4,3,0,540.249555
28301,печь,s,32.6,100,93,952,пек,593.9,5,3,0,539.144314
43516,труба,s,82.1,100,95,2194,труб,225.8,5,3,0,536.154985
40608,спать,v,221.9,100,92,3167,с,509.2,4,4,0,536.142053
4651,водоросль,s,8.8,91,80,333,"вод-2,рас",2090.1,5,3,0,535.620352
37310,рот,s,133.6,99,92,2340,рот-1,137.2,5,3,0,535.388035
38725,сестра,s,121.3,100,93,2260,сестр,150.5,5,4,0,535.113471
12544,зима,s,106.0,100,96,3250,зим,170.0,5,3,0,534.238594
17107,кухня,s,120.1,99,93,2462,кух,139.8,5,3,0,529.576155
26661,офицер,s,118.7,100,92,1906,офицер,140.4,5,3,0,529.094849
28079,переулок,s,39.9,100,93,1227,ул-1,413.1,5,3,0,528.384929
41186,стекло,s,102.8,100,94,2539,стекл,156.9,5,3,0,527.00126
35894,рамка,s,110.6,100,90,5230,рам,142.5,5,3,0,525.54083
38585,семья,s,276.6,100,96,6153,сем-2,382.4,4,5,0,525.225829
15099,клетка,s,109.6,100,81,1757,клет,141.6,5,3,0,524.576723
4638,водопад,s,7.3,95,88,356,"па-1,вод-2",2101.0,5,4,0,523.843853
17082,кусок,s,76.8,100,95,2191,кус-1,198.5,5,3,0,523.469834
48505,этаж,s,102.7,100,95,2397,этаж,143.8,5,3,0,521.52473
16086,корабль,s,112.5,99,75,1763,корабел,130.6,5,3,0,521.212623
43141,трава,s,88.7,100,93,2043,трав,165.1,5,4,0,521.013925
23326,ноготь,s,25.6,95,89,832,ног,557.5,5,3,0,519.465476
20174,мягкий,a,84.7,100,96,2772,мяг,166.0,5,4,0,518.575714
46186,хлеб,s,107.4,100,94,2352,хлеб-1,127.9,5,4,0,517.202645
15395,колесо,s,68.4,100,95,2006,кол-2,193.5,5,3,0,515.045209
16115,коридор,s,110.8,100,93,2041,коридор,116.0,5,3,0,513.37019
12682,золото,s,56.2,100,94,1698,злат,215.6,5,4,0,510.075974
28312,пещера,s,20.3,98,90,520,пек,593.9,5,3,0,509.800592
9114,дно,s,71.8,100,94,2035,дн-2,166.1,5,3,0,509.206135
42948,толстый,a,84.4,99,93,2115,толст,140.0,5,3,0,508.701426
3851,весна,s,91.3,100,96,3202,весен,127.8,5,5,0,508.019165
15505,кольцо,s,59.5,100,96,1910,кол-2,193.5,5,4,0,507.299814
28293,печень,s,19.1,100,88,679,пек,593.9,5,3,0,506.505821
29844,подушка,s,39.5,100,93,1301,ух-1,286.2,5,4,0,506.324503
25721,остров,s,95.7,100,88,1915,остров,117.6,5,4,0,506.08638
42099,сын,s,285.1,100,94,4408,сын,327.1,4,4,0,505.378798
28624,платье,s,64.8,100,93,1539,плат-2,169.1,5,3,0,504.678938
16575,крест,s,56.4,99,90,1668,крест,189.9,5,3,0,503.490869
46672,цепь,s,51.5,100,89,1530,цеп,204.9,5,3,0,502.724632
17175,ладонь,s,92.7,100,90,1577,ладон,108.9,5,3,0,500.474026
4227,вилка,s,16.0,97,92,708,ви,629.5,5,3,0,500.359354
17161,лагерь,s,88.6,100,93,1735,лагер,110.0,5,3,0,498.721831
10649,забота,s,60.5,100,96,2423,забот,159.8,5,4,0,498.32548
28816,победа,s,124.0,100,94,4032,бед,714.2,4,5,0,497.591667
9401,долина,s,18.9,100,93,739,дл,491.4,5,4,0,496.371469
11500,замок,s,60.8,100,93,1617,мк,152.7,5,3,0,496.354346
23329,нож,s,66.6,100,94,1610,нз,138.1,5,3,0,495.903389
46315,холодильник,s,29.1,100,92,1015,хлад,312.2,5,4,0,495.315371
25521,осень,s,81.8,100,96,3206,осен,110.1,5,4,0,494.900896
17957,лошадь,s,80.9,100,92,1549,лош,109.5,5,4,0,494.11987
16812,крыло,s,67.6,100,85,1853,крыл,128.7,5,3,0,493.274434
23092,нефть,s,62.3,97,90,1757,нефт,138.5,5,3,0,492.889989
47554,шея,s,85.3,100,92,1879,ше(j)-1,101.1,5,3,0,492.864579
19125,мечта,s,57.0,100,96,2228,мечт,150.8,5,4,0,492.712459
16104,корень,s,63.7,100,91,2363,корен,131.5,5,3,0,491.523494
9270,дождь,s,83.2,100,94,2143,дожд,100.6,5,3,0,491.487267
19607,мокрый,a,61.3,99,91,1465,мач-2,135.5,5,3,0,491.138082
20189,мясо,s,71.4,100,95,1848,мяс-1,112.7,5,3,0,489.703846
41644,стул,s,87.6,100,92,1809,стул,90.4,5,4,0,488.988988
17803,лоб,s,78.7,99,91,1697,лб,99.9,5,3,0,488.668653
39533,слой,s,77.6,100,90,2571,сла,95.7,5,4,0,486.176099
36965,ресторан,s,79.3,100,94,1915,ресторан,92.0,5,4,0,485.414285
45953,футбол,s,27.4,96,90,1004,"фут,бол-2",2967.4,4,3,0,485.143403
42418,телевизор,s,72.3,100,94,2251,телевиз,100.0,5,3,0,485.029407
16312,костюм,s,81.3,100,95,2012,костюм,88.8,5,3,0,484.967288
19862,мост,s,65.4,100,95,1731,мащ-2,107.4,5,3,0,483.809069
16248,коса,s,19.1,97,91,649,"каш-1,каш-3,кос-3",366.5,5,3,0,483.666899
38156,светофор,s,8.0,90,91,426,"свес,фор",864.7,5,3,0,483.172111
5189,восток,s,78.5,100,93,2586,тач-1,1017.0,4,3,0,482.549996
18546,масло,s,73.0,100,91,2067,масл,93.3,5,4,0,482.528177
48779,ясный,a,90.8,100,96,3087,ясн,873.0,4,3,0,481.546444
20444,надежда,s,154.5,100,95,4436,де(j),5985.7,2,5,0,480.830181
28268,петь,v,143.2,100,94,2802,пе,547.2,4,4,0,479.926848
35874,ракета,s,62.9,99,90,1138,ракет,101.3,5,4,0,479.823368
15691,компьютер,s,63.2,100,94,2114,компьютер,100.4,5,3,0,479.657266
2285,билет,s,75.4,100,95,2073,билет,83.8,5,3,0,479.489119
45813,фото,s,32.2,100,90,1341,фото,195.3,5,3,0,479.301072
41018,стакан,s,72.8,100,93,1566,стакан,85.6,5,3,0,478.940991
1278,бабочка,s,21.3,99,90,692,баб,289.5,5,5,0,478.52611
4334,вихрь,s,9.7,97,92,464,ви,629.5,5,3,0,478.141858
16383,кошка,s,50.4,99,94,1381,кот-1,119.3,5,4,0,477.541731
48796,ящик,s,75.4,100,94,1810,ящик,78.8,5,3,0,477.081256
19140,мешок,s,61.1,100,92,1501,мех-1,96.5,5,3,0,476.786392
17345,легкий,a,202.1,100,97,5500,легк,374.5,4,3,0,475.111705
17084,куст,s,60.9,99,92,1396,куст,88.5,5,3,0,473.414236
40206,соль,s,39.4,100,90,1327,сал-2,135.2,5,3,0,472.985478
34635,прыгать,v,38.5,99,93,1303,прыг,137.5,5,4,0,472.758161
10325,железо,s,28.6,100,94,1079,желез-1,183.7,5,3,0,472.483239
26883,пакет,s,65.8,100,95,2456,пакет,76.4,5,3,0,470.902186
37199,роза,s,42.7,100,94,1160,роз-1,116.4,5,5,0,470.500213
23754,облако,s,43.0,99,92,1273,облак,114.8,5,4,0,470.259519
20164,мышь,s,37.0,98,86,1009,мыш,130.2,5,3,0,469.407492
16348,кофе,s,61.6,99,92,1321,кофе(j),77.1,5,4,0,468.915601
17308,лев,s,64.3,100,93,1660,лев-1,73.2,5,4,0,468.605831
37883,сапог,s,62.0,99,91,1265,сапог,75.7,5,3,0,468.508394
28223,песок,s,55.3,100,94,1593,пес-1,82.5,5,3,0,467.54443
31116,порт,s,33.5,100,91,999,порт-3,131.6,5,3,0,466.397289
17547,лето,s,135.0,100,96,4302,лет-1,519.2,4,3,0,464.748938
18006,луч,s,45.4,100,94,1486,луч-1,92.2,5,4,0,464.698377
41833,сумка,s,55.5,98,91,1312,сум,73.8,5,3,0,463.999219
5790,вывеска,s,11.4,95,92,614,вес-1,358.6,5,3,0,463.937782
48644,яблоко,s,53.0,100,93,1733,ябло,76.7,5,4,0,463.758137
8847,диван,s,60.1,99,92,1347,диван,67.2,5,4,0,463.550924
20129,мыло,s,16.6,100,92,718,мо(j),228.3,5,3,0,461.561189
19814,мороженое,s,18.8,97,90,608,мерз,200.9,5,5,0,461.456651
44273,узел,s,48.6,99,88,1593,уз-1,77.0,5,3,0,461.173524
7543,горло,s,53.2,99,92,1479,горл,69.3,5,3,0,460.718696
31551,потолок,s,57.9,100,94,1747,тл-2,62.8,5,3,0,460.300249
14438,капля,s,44.7,100,94,1559,ка-2,79.2,5,3,0,459.499916
14707,катушка,s,8.4,98,88,397,кат-1,419.2,5,3,0,459.340374
30482,полотенце,s,20.5,95,91,785,плат-2,169.1,5,3,0,458.877415
31926,правый,a,210.4,100,96,4655,прав,3998.4,2,3,0,458.60205
16148,коробка,s,49.0,99,94,1634,короб-1,69.0,5,3,0,458.146367
41400,сторож,s,14.4,95,91,566,стерег,234.2,5,3,0,458.073057
24758,озеро,s,54.9,100,94,1349,озер,60.1,5,4,0,457.441187
47379,шар,s,43.7,100,93,1371,шар-1,75.1,5,3,0,457.287608
15511,коляска,s,16.8,96,90,528,кол-2,193.5,5,4,0,457.015787
17995,луна,s,45.8,100,91,1200,лун-1,67.6,5,4,0,455.64243
24817,океан,s,49.8,100,93,1500,океан,61.6,5,4,0,455.386641
26898,палатка,s,29.1,98,90,735,палат,105.3,5,3,0,455.355488
40364,сосед,s,97.8,100,95,2874,сад,2104.1,3,3,0,453.630885
41164,ствол,s,49.5,100,92,1217,ствол,56.4,5,3,0,452.837487
2802,борода,s,31.7,99,92,967,бород,85.8,5,3,0,452.152277
2253,библиотека,s,57.7,100,95,1759,"библи,тач-1",1101.0,4,3,0,452.047019
45229,ученый,s,117.4,100,92,3235,ук,1733.3,3,4,0,451.098016
47643,шкаф,s,48.4,99,93,1333,шкаф,53.7,5,3,0,450.981173
37417,руль,s,43.3,99,94,1481,рул,58.7,5,3,0,450.415375
16152,корова,s,44.8,100,92,1274,коров,55.8,5,3,0,449.9984
26708,охота,s,40.1,100,95,1407,хот,1558.3,4,3,0,449.975659
26936,пальто,s,48.6,99,90,1019,пальт,51.2,5,3,0,449.883063
16299,костер,s,48.0,100,91,1160,костер,50.9,5,4,0,449.428737
4544,внук,s,38.6,100,94,1448,внук,61.5,5,4,0,448.722685
18884,мельница,s,10.5,96,88,393,мал-4,224.9,5,3,0,448.594753
5578,вспышка,s,23.6,98,92,907,пых,100.0,5,3,0,448.579831
48704,яйцо,s,40.2,99,93,1292,яич,58.4,5,3,0,448.452864
19072,метла,s,6.7,88,88,335,ме,348.8,5,4,0,448.342114
14484,карандаш,s,46.6,100,82,925,карандаш,50.0,5,3,0,448.270074
40125,сок,s,35.8,100,90,1224,сач-1,63.0,5,4,0,447.491052
17037,курица,s,33.1,100,91,1046,кур-2,67.7,5,3,0,447.337828
3453,варенье,s,12.9,92,79,464,вар-1,173.2,5,4,0,447.268171
46915,чемодан,s,42.8,92,92,1018,чемодан,51.9,5,3,0,447.130882
17888,лом,s,8.8,95,88,366,лам,248.8,5,3,0,446.791452
47374,шапка,s,40.6,99,92,1138,шап,53.2,5,3,0,446.474939
41736,сугроб,s,11.1,90,90,459,граб-1,194.0,5,3,0,446.404741
14728,качели,s,5.1,91,90,257,кат-1,419.2,5,4,0,446.237647
43823,тянуть,v,68.5,98,94,2104,тя,883.7,4,3,0,446.035465
47620,шить,v,16.0,98,94,766,шв,131.3,5,3,0,445.834485
12196,затылок,s,31.7,97,90,976,тыл,66.1,5,3,0,445.775212
17885,локоть,s,40.2,99,91,1141,локач,51.2,5,3,0,445.36783
46868,чашка,s,33.3,100,92,1035,чаш,60.5,5,3,0,444.884853
25849,отвертка,s,2.4,77,91,148,вер-2,831.3,5,3,0,444.666766
17866,ложка,s,40.5,99,91,1152,ложеч,48.5,5,3,0,444.31986
17223,лампа,s,34.0,99,93,1050,ламп,57.3,5,3,0,444.138419
1443,баня,s,38.5,99,93,1039,бан,50.4,5,4,0,444.049972
7853,гриб,s,38.3,100,79,1014,гриб,49.7,5,3,0,443.629233
17060,куртка,s,41.0,97,91,997,курт,46.4,5,3,0,443.616511
19199,микрофон,s,16.3,94,93,617,фон,116.6,5,3,0,443.595642
28711,плита,s,37.3,100,94,1227,плит,50.9,5,3,0,443.572583
42310,тарелка,s,41.3,99,93,1254,тарел,44.3,5,3,0,442.773707
18834,мел,s,8.1,92,87,385,мал-4,224.9,5,3,0,442.681261
46735,цирк,s,38.1,98,78,716,цирк,47.5,5,4,0,442.541157
18527,маска,s,34.3,100,94,1162,маск,51.6,5,3,0,442.069942
28159,перо,s,34.5,99,94,1282,пер-2,49.7,5,3,0,441.408332
15199,клюшка,s,1.9,48,77,74,клюк-1,888.7,5,3,0,441.091727
2842,ботинок,s,39.1,98,93,1180,бот-2,43.0,5,3,0,441.003658
16080,кора,s,18.8,98,87,617,кор-1,88.7,5,3,0,440.835769
7432,голубь,s,13.7,98,92,550,голуб,121.7,5,3,0,440.832463
38216,свиток,s,2.6,71,83,123,ви,629.5,5,3,0,440.456149
41346,столб,s,32.7,98,93,1125,столб,49.5,5,3,0,440.23245
17653,линейка,s,8.6,95,93,459,лин-2,185.7,5,3,0,439.962733
42113,сыр,s,19.5,99,92,792,сыр,80.2,5,4,0,439.546176
45997,халат,s,36.1,96,91,1014,халат,43.3,5,3,0,439.536439
17446,лента,s,35.9,100,92,1231,лент,43.3,5,3,0,439.426768
16048,копать,v,13.2,98,92,560,кап-2,116.7,5,3,0,439.248439
39013,скала,s,30.7,98,91,819,скал-1,49.1,5,3,0,438.824863
45733,фонарь,s,32.9,99,92,1036,фонар,45.5,5,3,0,438.690438
47688,шляпа,s,34.2,98,92,948,шляп,43.4,5,3,0,438.526355
47808,штаны,s,35.0,96,92,1176,штан,42.3,5,3,0,438.477266
2022,беседка,s,8.0,98,91,327,бесед,182.3,5,4,0,438.189004
28342,пиджак,s,38.1,96,92,1054,пиджак,38.1,5,3,0,438.1
47327,шаг,s,203.8,100,96,4988,шаг,277.3,4,3,0,437.726187
44835,усы,s,29.4,100,92,935,ус,48.2,5,3,0,437.644123
47738,шоссе,s,36.4,100,93,1249,шоссе,37.7,5,3,0,437.044298
40394,сосна,s,30.1,99,91,847,сосен,45.4,5,4,0,436.966742
47956,щель,s,28.9,98,92,925,щел,47.1,5,3,0,436.894309
16329,котел,s,24.8,99,78,666,котел,51.4,5,3,0,435.703221
14975,кирпич,s,27.7,98,94,1044,кирпич,45.7,5,3,0,435.579348
3744,веревка,s,31.8,99,91,951,верв,39.8,5,3,0,435.575834
19104,мех,s,13.1,97,93,572,мех-1,96.5,5,3,0,435.554887
12532,зерно,s,30.3,99,93,1087,зерн,41.6,5,3,0,435.503239
46308,холм,s,32.7,98,92,879,холм,38.2,5,3,0,435.343175
16077,копыто,s,10.7,94,89,471,кап-2,116.7,5,3,0,435.336808
15265,ковер,s,29.5,100,94,1069,ковёр,42.3,5,3,0,435.32492
41232,степь,s,29.6,98,89,709,степ,42.0,5,3,0,435.259041
3435,ванна,s,22.0,100,93,850,ванн,54.8,5,3,0,434.721751
37139,рог,s,23.2,100,87,791,рог,51.9,5,3,0,434.699856
17744,лифт,s,32.4,98,92,875,лифт,36.6,5,3,0,434.436028
3631,ведро,s,34.1,98,92,1104,ведёр,34.7,5,3,0,434.398692
34622,пружина,s,11.7,98,93,573,пруг,100.2,5,3,0,434.239451
23244,нить,s,22.6,100,94,989,нит,51.8,5,3,0,434.215201
1541,бассейн,s,33.4,99,92,1162,бассейн,34.0,5,4,0,433.698665
28744,плот,s,8.0,82,83,197,плач-3,141.9,5,3,0,433.692729
10172,елка,s,22.3,98,92,685,ел,50.9,5,5,0,433.6908
19121,меч,s,33.3,99,83,733,меч-2,33.7,5,3,0,433.499403
18734,медведь,s,33.4,98,92,967,медведь,33.4,5,3,0,433.4
15230,кнопка,s,33.0,99,92,1091,кнопк,33.0,5,3,0,433
45654,флаг,s,29.4,99,87,1076,флаг,36.1,5,3,0,432.578214
25979,отель,s,32.0,98,92,877,отель,33.1,5,4,0,432.545353
15364,колбаса,s,28.0,99,93,978,колбас,37.8,5,3,0,432.53306
18729,медаль,s,32.2,100,94,1390,медаль,32.7,5,4,0,432.449037
1137,асфальт,s,29.1,96,92,1079,асфальт,35.5,5,3,0,432.141095
34941,пылесос,s,6.0,83,80,224,"пыл-2,сас",171.3,5,3,0,432.05932
32994,принц,s,24.8,99,82,615,принц,40.5,5,4,0,431.69227
43195,трамвай,s,28.1,98,92,871,трамвай,35.6,5,3,0,431.628468
14620,касса,s,20.9,99,93,948,касс,47.5,5,3,0,431.507936
25776,осьминог,s,1.7,54,81,79,"восем,ног",575.1,5,3,0,431.267715
36878,ремень,s,28.4,99,92,933,рем,34.3,5,3,0,431.210896
37724,самокат,s,1.0,32,76,47,"сам,кат-1",965.6,5,3,0,431.074105
8250,двор,s,166.9,100,93,2953,двор,319.9,4,3,0,431.065597
21565,невеста,s,31.7,98,91,927,вед-1,1680.0,4,4,0,430.772615
42215,такси,s,30.6,96,93,885,такси,30.6,5,3,0,430.6
16904,кукла,s,25.3,100,93,778,кукл,36.7,5,3,0,430.471462
28580,пластик,s,6.8,95,88,388,пласт,136.0,5,3,0,430.410524
9859,дуб,s,17.8,98,89,668,дуб,51.6,5,3,0,430.306435
28642,плащ,s,27.7,98,91,829,плащ,33.1,5,3,0,430.279861
1371,балкон,s,28.2,100,93,915,балкон,31.9,5,3,0,429.992999
19636,молния,s,26.9,99,90,897,молн,33.4,5,3,0,429.974322
20207,мяч,s,26.4,98,88,754,мяч,34.0,5,3,0,429.959973
14737,каша,s,27.1,97,93,988,каш-2,33.1,5,3,0,429.950125
42725,тетрадь,s,23.5,98,92,698,тетрад,37.0,5,3,0,429.487285
33365,прицеп,s,4.2,81,88,182,цеп,204.9,5,3,0,429.335644
6825,гвоздь,s,24.2,98,92,911,гвожд,35.5,5,3,0,429.310408
34898,пух,s,10.4,98,93,561,пух,81.9,5,3,0,429.184928
10122,еж,s,7.5,94,86,308,еж,113.2,5,3,0,429.137605
39253,скрепка,s,2.3,63,81,105,креп,366.7,5,3,0,429.041522
1989,береза,s,20.3,99,91,706,берез,40.9,5,4,0,428.814406
15004,кисть,s,26.1,100,93,980,кист,31.8,5,3,0,428.809373
1419,банк,s,178.1,100,91,3259,банк,293.0,4,3,0,428.436643
48570,юбка,s,26.3,95,92,899,юбк,30.5,5,3,0,428.322253
43488,тропа,s,16.6,97,91,590,троп,48.3,5,3,0,428.31572
2850,бочка,s,26.6,98,92,827,боч-1,29.9,5,3,0,428.201773
12384,заяц,s,21.7,99,89,699,за(j),36.5,5,4,0,428.143383
41852,суп,s,27.2,99,89,873,суп-1,29.0,5,4,0,428.085583
16532,крем,s,24.5,93,72,510,крем,32.1,5,4,0,428.043716
14593,картофель,s,12.3,98,86,478,картоф,63.0,5,3,0,427.837026
9802,дрова,s,25.8,99,93,875,дров,30.0,5,3,0,427.820855
32397,пресс,s,7.2,93,91,412,пресс,106.6,5,3,0,427.704151
48709,якорь,s,25.9,91,28,274,якор,29.6,5,3,0,427.688265
43026,топор,s,25.5,99,91,810,топор,30.0,5,3,0,427.658633
43190,трактор,s,22.9,100,92,653,трактор,33.3,5,3,0,427.61467
31114,порошок,s,16.8,99,92,691,пораш,44.4,5,3,0,427.311536
7223,глубокий,a,137.3,100,96,4406,глуб,375.8,4,3,0,427.150479
42460,телескоп,s,3.8,72,83,163,"теле,скоп",193.8,5,3,0,427.137428
39540,слон,s,23.8,99,92,735,слон-1,30.3,5,3,0,426.85405
28791,пляж,s,25.4,99,94,853,пляж,28.3,5,4,0,426.810819
7716,грабли,s,3.7,89,92,249,граб-1,194.0,5,3,0,426.79179
7194,глина,s,18.4,100,92,702,глин,37.6,5,3,0,426.302852
47436,шахта,s,20.7,98,90,552,шахт,33.1,5,3,0,426.175752
2685,бокал,s,26.1,96,92,708,бокал,26.1,5,4,0,426.1
1646,бедро,s,24.3,98,92,771,бедёр,27.8,5,3,0,425.991152
17911,лопата,s,19.5,99,92,710,лопат,34.4,5,3,0,425.899807
28204,перчатка,s,19.8,96,93,795,перст,33.5,5,3,0,425.754611
3693,велосипед,s,23.1,99,93,842,велосипед,28.3,5,4,0,425.568144
34658,прямой,a,134.8,100,95,5124,прям,377.3,4,5,0,425.521706
24441,овца,s,17.5,98,90,671,ов,36.8,5,3,0,425.377155
43706,туфля,s,23.2,95,92,777,туфел,27.4,5,4,0,425.212695
33459,пробирка,s,3.4,79,85,186,проб,182.2,5,3,0,424.889355
15085,клей,s,10.4,96,85,441,кле(j),59.1,5,3,0,424.791934
18021,лыжа,s,18.3,95,91,655,лыж-1,33.2,5,4,0,424.648732
40728,спичка,s,20.3,99,91,762,спиц,29.9,5,3,0,424.636761
15438,колодец,s,23.9,97,75,646,колодез,25.2,5,4,0,424.541394
29744,подсолнух,s,2.4,71,88,140,солн,248.5,5,5,0,424.421302
28428,пирог,s,16.3,97,93,738,пирог,35.7,5,4,0,424.122811
37464,ручей,s,21.3,99,88,681,руч-2,27.3,5,4,0,424.114104
15175,клубника,s,4.5,86,90,247,клуб-1,129.2,5,4,0,424.112238
47044,чеснок,s,8.5,89,87,331,чес-1,68.1,5,3,0,424.059302
47868,шуба,s,18.7,97,92,677,шуб,30.7,5,4,0,423.960175
16421,кран,s,23.3,100,90,905,кран-1,24.6,5,3,0,423.941178
15441,колокол,s,15.8,97,92,554,колокол,36.2,5,3,0,423.915685
43505,тротуар,s,23.1,92,92,802,тротуар,23.9,5,3,0,423.496595
25397,орел,s,19.7,99,94,821,орёл,27.7,5,4,0,423.360009
37095,рисунок,s,179.2,100,76,2764,рис-2,278.4,4,4,0,423.359083
36602,ребро,s,21.7,100,87,801,ребер,25.1,5,3,0,423.338166
23405,носорог,s,2.1,70,89,116,"нос-1,рог",253.8,5,3,0,423.08636
13825,искра,s,17.9,99,92,767,искор,29.3,5,4,0,422.90131
42419,телега,s,17.8,96,89,544,телег,28.9,5,3,0,422.680829
14604,карьер,s,8.2,94,83,347,карьер,59.4,5,3,0,422.069889
37532,рыцарь,s,18.9,99,86,573,рыцар,25.5,5,4,0,421.95336
3134,букет,s,20.5,98,94,844,букет,23.3,5,4,0,421.855205
15959,конфета,s,19.6,97,92,747,конфет,24.3,5,5,0,421.82384
34774,пуговица,s,19.8,99,91,806,пугов,23.7,5,3,0,421.66241
42159,таблетка,s,21.2,100,91,711,таблетк,21.7,5,3,0,421.448543
16642,кристалл,s,15.7,96,80,526,кристалл,29.1,5,4,0,421.374518
24550,огурец,s,18.9,99,91,689,огур,23.9,5,4,0,421.25347
28538,плакат,s,20.2,99,93,889,плакат,21.9,5,3,0,421.032831
19898,мотоцикл,s,18.4,96,91,607,мотоцикл,22.7,5,3,0,420.437221
3652,веко,s,20.3,99,92,868,век-2,20.3,5,3,0,420.3
45743,фонтан,s,18.4,98,92,784,фонтан,22.2,5,4,0,420.210888
23611,обезьяна,s,17.4,98,92,622,обезьян,23.2,5,3,0,420.091789
18215,мазь,s,5.5,91,89,261,маз,73.1,5,3,0,420.051185
47670,шлем,s,13.2,96,92,502,шелом,30.4,5,3,0,420.031974
37533,рычаг,s,18.9,98,95,983,рычаг,21.1,5,3,0,419.969727
27388,пена,s,15.6,98,94,712,пен-1,25.5,5,3,0,419.944924
37331,рояль,s,19.7,93,91,556,рояль,19.7,5,3,0,419.7
907,аптека,s,15.1,98,90,626,аптек,24.9,5,4,0,419.390462
42628,терка,s,1.7,58,82,88,тер-1,221.0,5,3,0,419.382982
517,алмаз,s,16.7,96,87,512,алмаз,22.4,5,4,0,419.341148
45590,фильтр,s,14.6,99,86,557,фильтр,25.6,5,3,0,419.332874
4324,витрина,s,19.0,98,94,815,витрин,19.0,5,3,0,419
17305,лебедь,s,14.9,97,91,575,лебед,23.9,5,4,0,418.870877
18179,магнит,s,6.0,94,66,252,магнит,59.3,5,3,0,418.862662
41387,стопа,s,11.7,96,83,484,стоп,30.3,5,3,0,418.828436
4306,висок,s,18.0,93,90,702,висок,19.6,5,3,0,418.782971
27165,парус,s,15.2,97,89,519,парус,23.0,5,3,0,418.697593
42771,тигр,s,15.2,99,83,486,тигр,22.3,5,3,0,418.410866
38568,семечко,s,6.9,93,91,373,сем-3,49.0,5,4,0,418.387496
28377,пила,s,9.2,97,90,372,пил,36.1,5,3,0,418.22416
42169,табуретка,s,14.6,89,89,551,табурет,22.6,5,3,0,418.164801
43371,треугольник,s,14.5,98,87,608,треугольн,22.4,5,3,0,418.022209
31762,почка,s,16.2,100,89,694,почеч,19.8,5,3,0,417.909774
37543,рюкзак,s,17.2,91,89,423,рюкзак,18.6,5,3,0,417.886308
41150,статуя,s,16.1,99,91,582,стату,19.8,5,3,0,417.854411
14155,каблук,s,16.3,95,91,659,каблук,19.4,5,3,0,417.782576
9953,душ,s,16.1,97,93,671,душ-2,19.5,5,3,0,417.718634
28416,пирамида,s,16.0,99,91,644,пирамид,19.5,5,3,0,417.663522
36868,рельс,s,16.5,98,93,725,рельс,18.8,5,3,0,417.612496
41007,стадион,s,17.6,98,91,712,стадион,17.6,5,3,0,417.6
46810,чайка,s,17.6,95,92,646,чаеч,17.6,5,3,0,417.6
7606,горшок,s,16.3,97,93,693,горш-1,18.8,5,3,0,417.505428
16829,крюк,s,9.1,92,90,411,крюк,33.1,5,3,0,417.355403
19914,мочалка,s,2.2,73,89,145,мач-2,135.5,5,3,0,417.265573
20040,муравей,s,12.1,92,81,343,мурав,24.6,5,3,0,417.252826
14685,катер,s,17.0,92,87,429,катер,17.5,5,4,0,417.248188
36945,ресница,s,16.4,93,90,611,реснит,18.1,5,3,0,417.229045
17006,купол,s,17.2,98,92,619,купол,17.2,5,3,0,417.2
14641,кастрюля,s,15.9,96,90,583,кастрюл,18.6,5,3,0,417.197093
46912,челюсть,s,17.1,97,90,652,челюст,17.1,5,3,0,417.1
8098,гусь,s,13.6,96,91,550,гус,21.3,5,3,0,417.019988
46949,черепаха,s,6.3,85,88,263,череп,45.5,5,4,0,416.930741
37634,салат,s,15.4,95,91,596,салат,18.2,5,4,0,416.741565
47115,чешуя,s,4.1,75,89,201,чес-1,68.1,5,3,0,416.709578
19191,микроскоп,s,6.0,93,87,278,"микро,скоп",46.4,5,3,0,416.685323
28988,поворот,s,55.3,100,96,1993,ворач,847.8,4,3,0,416.52561
35886,раковина,s,13.9,96,89,535,рак-1,19.2,5,3,0,416.336462
24436,овраг,s,15.8,95,87,482,овраг,16.8,5,3,0,416.292329
16055,копилка,s,2.2,74,87,151,кап-3,118.8,5,4,0,416.166632
3367,ваза,s,14.3,100,93,660,ваз,18.2,5,3,0,416.132576
28102,перец,s,15.2,96,77,461,перец,17.0,5,4,0,416.074825
41649,ступень,s,31.8,100,94,1229,ступ-1,1467.4,4,3,0,416.016944
3103,будка,s,15.6,91,89,556,будк,16.4,5,3,0,415.994999
13278,икра,s,15.5,95,92,593,икор,16.5,5,4,0,415.992186
17639,лимон,s,11.7,97,92,474,лимон,21.8,5,4,0,415.970598
41609,струна,s,13.8,98,92,575,струн,18.4,5,3,0,415.934867
42183,таз,s,13.4,98,87,483,таз,18.8,5,3,0,415.871988
29390,подкова,s,3.7,80,90,195,ков,67.9,5,4,0,415.850237
5043,воробей,s,14.5,95,72,454,вороб,17.0,5,4,0,415.700318
47489,шелк,s,8.4,98,94,459,шелк,29.1,5,4,0,415.634577
37850,сани,s,12.6,91,89,348,сан-2,19.3,5,3,0,415.59423
46722,цилиндр,s,12.5,95,91,487,цилиндр,19.4,5,3,0,415.572412
45087,утка,s,13.1,98,93,535,ут,18.4,5,3,0,415.525463
47723,шоколад,s,10.9,95,93,524,шоколад,22.1,5,4,0,415.520631
38214,свитер,s,15.0,95,92,592,свитер,15.9,5,3,0,415.443445
18105,люк,s,15.2,93,90,486,люк,15.6,5,3,0,415.398701
26931,пальма,s,14.3,99,90,577,пальм,16.3,5,4,0,415.267285
2297,бинокль,s,10.6,91,88,343,"бин,окль",21.9,5,3,0,415.236141
40196,солома,s,9.8,98,91,408,солом,23.5,5,3,0,415.175638
23362,нора,s,13.1,95,76,406,нор,17.4,5,3,0,415.097682
14260,календарь,s,15.0,100,93,779,календарь,15.0,5,3,0,415
42646,термос,s,3.7,82,90,206,"терм,ос-2",60.4,5,3,0,414.949247
3245,бутерброд,s,14.4,95,92,610,бутерброд,14.8,5,4,0,414.59863
41173,стебель,s,13.3,94,82,475,стеб,16.0,5,3,0,414.587666
2565,блюдце,s,5.3,87,89,295,блюд-2,40.1,5,3,0,414.578409
47976,щетка,s,9.9,97,93,490,щет,21.3,5,3,0,414.521364
46935,чердак,s,13.4,92,90,527,чердак,15.5,5,3,0,414.411801
47828,штора,s,12.4,90,91,519,штор,16.2,5,3,0,414.173214
43636,тумбочка,s,12.1,91,90,469,тумб,16.6,5,3,0,414.172509
4253,виноград,s,10.4,99,92,476,виноград,19.1,5,4,0,414.09397
36461,расческа,s,2.9,71,89,161,чес-1,68.1,5,3,0,414.053114
14831,кепка,s,12.1,91,91,500,кеп,16.3,5,3,0,414.04386
3482,вата,s,8.2,96,91,428,ват,24.0,5,3,0,414.028542
18135,лягушка,s,10.5,96,92,445,ляг,18.6,5,3,0,413.974978
6674,газон,s,13.1,95,87,546,газон,14.8,5,4,0,413.92408
41848,сундук,s,12.5,93,91,456,сундук,15.4,5,3,0,413.874437
34929,пшеница,s,10.4,98,90,376,пшен,18.5,5,3,0,413.870833
10549,жук,s,11.7,91,80,384,жук,16.4,5,3,0,413.852076
9881,дуга,s,12.2,98,89,556,дуг,15.7,5,3,0,413.839798
2524,блин,s,12.8,92,82,569,блин,14.9,5,4,0,413.810141
19905,мох,s,8.9,93,90,362,мох,21.3,5,3,0,413.768442
16378,кошелек,s,11.4,93,93,639,кошел,16.4,5,3,0,413.673332
38944,сирень,s,8.2,92,89,335,сирен,21.9,5,4,0,413.400746
11343,зал,s,206.3,100,95,3980,зал,220.7,4,3,0,413.37856
17686,лиса,s,8.7,93,86,329,лис,20.5,5,3,0,413.354774
2541,блокнот,s,12.8,92,91,493,блокнот,13.9,5,3,0,413.338666
15129,клин,s,8.7,96,93,431,клин-1,20.4,5,3,0,413.322162
16122,корица,s,2.0,55,82,95,кор-1,88.7,5,4,0,413.319159
38459,сейф,s,13.1,94,91,452,сейф,13.5,5,3,0,413.298496
34924,пчела,s,10.3,94,87,388,пчел,17.0,5,3,0,413.232536
39048,скатерть,s,12.7,90,91,584,скатер,13.7,5,3,0,413.190527
44216,удочка,s,8.8,93,90,379,уд,18.8,5,3,0,412.862348
45386,фара,s,12.8,92,92,590,фара,12.8,5,3,0,412.8
17012,купюра,s,12.7,96,90,491,купюр,12.7,5,3,0,412.7
16165,корона,s,9.4,96,86,384,корон,16.9,5,4,0,412.603968
27057,парашют,s,9.9,93,90,313,парашют,15.7,5,4,0,412.467157
19362,миска,s,12.1,88,88,407,мис,12.7,5,3,0,412.39637
47294,чулок,s,12.0,94,91,513,чулок,12.8,5,3,0,412.393547
16079,копье,s,10.0,95,86,349,коп,14.5,5,3,0,412.041595
43095,торт,s,11.6,94,92,467,торт,12.5,5,4,0,412.041595
3240,бусы,s,4.3,80,88,214,бус,33.4,5,4,0,411.984156
3737,верблюд,s,11.2,95,83,366,верблюд,12.8,5,3,0,411.973304
14329,камин,s,11.2,93,91,422,камин,12.7,5,4,0,411.926441
16338,котлета,s,11.2,97,92,490,котлет,12.5,5,4,0,411.83216
8086,гусеница,s,10.6,93,79,317,гусениц,13.1,5,3,0,411.783887
47713,шнурок,s,7.5,90,91,359,шнур,18.4,5,3,0,411.74734
37644,салфетка,s,11.3,99,93,528,салфет,12.1,5,3,0,411.69316
4346,вишня,s,7.5,94,87,344,вишен,18.0,5,4,0,411.61895
35178,радуга,s,8.1,93,93,451,радуг,16.4,5,5,0,411.525624
17910,лопасть,s,11.5,74,24,138,лопаст,11.5,5,3,0,411.5
19812,морковь,s,8.8,93,78,313,морков,14.9,5,4,0,411.450764
15005,кит,s,10.7,95,83,376,кит,12.1,5,4,0,411.378488
21419,начало,s,361.4,100,95,11142,ч-1,1872.3,2,3,0,411.293454
34811,пульт,s,11.2,94,91,450,пульт,11.2,5,3,0,411.2
7996,груша,s,10.6,98,90,460,груш,11.8,5,4,0,411.183917
47636,шишка,s,9.4,96,92,458,шиш,13.2,5,3,0,411.13912
18274,малина,s,7.2,97,86,306,малин,16.9,5,4,0,411.030866
43023,тополь,s,9.8,94,91,417,топол,12.2,5,3,0,410.93435
30996,попугай,s,10.0,96,82,337,попуга(j),11.8,5,4,0,410.86278
8006,грядка,s,8.1,92,93,410,гряд-1,14.5,5,3,0,410.837435
42817,тиски,s,2.5,82,91,177,тис,46.5,5,3,0,410.781929
43640,тундра,s,10.0,85,72,205,тундр,11.6,5,3,0,410.77033
40702,спираль,s,9.5,99,88,398,спираль,11.9,5,3,0,410.632497
39718,смола,s,7.5,95,90,373,смал,15.0,5,3,0,410.606602
18225,мак,s,6.3,99,89,299,мак-1,17.8,5,4,0,410.589618
14357,канат,s,9.0,96,84,342,канат,12.4,5,3,0,410.56409
47407,шарф,s,9.6,92,92,435,шарф,11.3,5,3,0,410.415373
15027,клавиша,s,10.1,94,91,433,клавиш,10.6,5,3,0,410.34698
5065,воронка,s,9.1,91,87,359,ворон-2,11.7,5,3,0,410.31843
18640,матрас,s,8.0,91,89,313,матрас,13.3,5,3,0,410.315038
20058,мускул,s,7.2,94,91,406,мускул,14.5,5,3,0,410.217632
1510,бархат,s,5.4,90,91,289,бархат,19.2,5,4,0,410.182338
34648,прядь,s,6.5,87,89,319,пря-1,15.6,5,3,0,410.069757
3721,вентилятор,s,5.6,92,86,261,вентил,17.8,5,3,0,409.983987
7585,горох,s,6.4,95,92,336,горох,15.5,5,3,0,409.95992
3850,весло,s,9.9,86,84,280,весел-2,9.9,5,3,0,409.9
18117,люстра,s,9.9,93,91,477,люстр,9.9,5,3,0,409.9
2299,бинт,s,7.6,85,88,293,бинт,12.8,5,3,0,409.863062
25516,осел,s,7.5,94,79,316,осёл,12.9,5,3,0,409.836158
37346,рубин,s,9.0,84,73,230,рубин,10.7,5,4,0,409.813256
937,арбуз,s,9.1,90,89,315,арбуз,10.3,5,4,0,409.681426
34666,пряник,s,7.0,96,91,342,прян,13.3,5,4,0,409.648834
7595,горсть,s,6.8,88,90,386,горст,13.4,5,3,0,409.54568
45152,утюг,s,8.7,93,88,380,утюг,10.4,5,3,0,409.512098
17457,лепесток,s,9.5,97,91,413,лепест,9.5,5,4,0,409.5
17631,лилия,s,9.2,88,82,276,лил,9.7,5,4,0,409.446693
43482,трон,s,8.7,94,89,360,трон,10.2,5,4,0,409.420191
42295,тапочка,s,9.4,86,91,452,тапоч,9.4,5,3,0,409.4
45313,факел,s,9.2,96,91,357,факел,9.6,5,4,0,409.397872
30668,помада,s,9.1,88,87,345,помад,9.7,5,3,0,409.395212
859,апельсин,s,7.6,97,93,401,апельсин,11.5,5,4,0,409.348797
2575,боб,s,8.6,87,86,299,боб,10.0,5,3,0,409.273618
15476,колпак,s,8.1,93,91,381,колпак,10.5,5,3,0,409.222256
16884,кудри,s,5.5,86,89,290,кудр,15.4,5,4,0,409.20326
47668,шланг,s,9.2,95,89,367,шланг,9.2,5,3,0,409.2
39941,сова,s,8.5,91,77,251,сов-1,9.8,5,4,0,409.126883
12708,зонт,s,5.1,91,90,235,зонт,16.1,5,3,0,409.061457
45363,фанера,s,5.8,95,90,308,фанер,14.1,5,3,0,409.04323
39155,сковорода,s,5.8,86,89,261,сковород,14.0,5,3,0,409.011104
38718,серьга,s,5.7,86,90,307,серёж,14.2,5,3,0,408.996666
7845,гречка,s,1.4,55,83,83,грек,57.2,5,3,0,408.948743
3274,бухта,s,8.4,90,89,262,бухт,9.5,5,4,0,408.933085
37221,рой,s,3.6,87,91,224,ре-1,22.1,5,3,0,408.919641
40128,сокол,s,8.2,94,91,394,сокол,9.3,5,4,0,408.732697
15181,клумба,s,8.7,91,86,400,клумб,8.7,5,4,0,408.7
37126,робот,s,8.7,94,85,278,робот,8.7,5,3,0,408.7
10357,жемчуг,s,5.1,90,88,237,жемчуг,14.8,5,5,0,408.687923
365,аквариум,s,8.3,95,90,371,аквариум,8.9,5,4,0,408.594766
16396,краб,s,7.9,82,69,229,краб,9.3,5,3,0,408.571464
7262,глыба,s,8.5,94,88,379,глыб,8.5,5,3,0,408.5
16911,кукуруза,s,6.8,91,86,262,кукуруз,10.4,5,3,0,408.409518
40191,соловей,s,7.9,96,89,349,солов-1,8.9,5,4,0,408.385106
27386,пельмень,s,8.0,96,87,289,пельмен,8.7,5,4,0,408.342661
3159,булочка,s,4.7,83,90,239,булк,14.7,5,5,0,408.312039
42992,тоннель,s,8.3,91,90,374,тоннель,8.3,5,3,0,408.3
7861,грива,s,5.3,82,89,282,грив,12.8,5,3,0,408.236504
8804,джунгли,s,8.2,93,88,377,джунгл,8.2,5,3,0,408.2
14615,каска,s,8.1,89,88,309,каск,8.1,5,3,0,408.1
40343,сорока,s,5.8,79,58,158,сорок-3,11.3,5,3,0,408.095678
12785,ива,s,5.2,86,90,264,ив,12.4,5,3,0,408.029944
14144,кабачок,s,4.2,84,85,171,"кабак,кабач-2",15.2,5,3,0,407.989994
16873,кувшин,s,6.8,92,90,284,кувшин,9.3,5,3,0,407.952358
18374,мамонт,s,7.4,81,74,183,мамонт,8.5,5,3,0,407.930952
38042,свекла,s,7.4,95,89,314,свекл,8.5,5,3,0,407.930952
1403,банан,s,7.3,95,91,325,банан,8.6,5,5,0,407.923383
37522,рысь,s,5.5,76,85,215,рыс-1,11.4,5,3,0,407.918333
8511,дельфин,s,7.6,80,72,182,дельфин,8.1,5,4,0,407.846018
7763,гранат,s,2.5,74,80,142,гранат,24.0,5,4,0,407.745967
17936,лось,s,6.5,86,87,215,лос-1,8.7,5,3,0,407.519973
14442,капот,s,7.5,90,93,418,капот,7.5,5,3,0,407.5
18003,лупа,s,2.9,78,90,168,луп,18.3,5,3,0,407.284916
27074,парик,s,7.2,87,91,309,парик,7.2,5,3,0,407.2
10485,жилет,s,5.0,84,90,253,жилет,10.3,5,3,0,407.17635
43502,трость,s,5.0,82,89,202,тращ,10.3,5,3,0,407.17635
3637,веер,s,6.6,91,92,385,веер,7.5,5,3,0,407.035624
15093,клен,s,6.2,83,86,277,клен,7.9,5,3,0,406.998571
34826,пупок,s,4.1,68,76,175,пуп,11.9,5,3,0,406.984984
2893,браслет,s,6.7,91,89,290,браслет,7.1,5,4,0,406.897101
5699,вулкан,s,6.0,94,91,299,вулкан,7.9,5,3,0,406.884766
1379,баллон,s,6.2,85,86,232,баллон,7.6,5,3,0,406.864401
17267,ласточка,s,6.4,93,91,358,ласт-2,7.2,5,4,0,406.788225
47102,чехол,s,6.1,95,91,330,чехл,7.3,5,3,0,406.67308
1439,бант,s,5.2,78,90,257,бант,8.5,5,4,0,406.648308
41503,стрекоза,s,4.1,77,84,177,стрек-2,10.5,5,4,0,406.56125
14471,караван,s,6.2,87,87,262,караван,6.9,5,3,0,406.540642
39466,слива,s,5.5,90,82,259,слив,7.7,5,4,0,406.507688
18684,мачта,s,6.5,86,86,238,мачт,6.5,5,3,0,406.5
45945,фургон,s,6.2,80,80,193,фургон,6.7,5,3,0,406.445153
45401,фартук,s,6.1,85,90,321,фартук,6.8,5,3,0,406.440497
13433,индейка,s,1.9,59,84,97,инд-1,21.6,5,3,0,406.406247
37264,ромашка,s,6.4,97,91,341,ромаш,6.4,5,4,0,406.4
6728,галоша,s,4.9,79,85,195,галош,8.3,5,3,0,406.377304
45675,флейта,s,5.8,85,88,236,флейт,6.6,5,4,0,406.187083
48107,экскаватор,s,5.7,83,81,209,экскав,6.6,5,3,0,406.133514
37078,рис,s,4.8,84,88,230,рис-1,7.6,5,3,0,406.039868
17929,лоскут,s,4.1,83,90,227,лоскут,8.8,5,3,0,406.006663
14137,кабан,s,5.3,88,88,237,кабан,6.8,5,3,0,406.003332
16727,крот,s,6.0,66,69,135,крот-2,6.0,5,3,0,406
17461,лепешка,s,6.0,87,91,312,лепеш,6.0,5,3,0,406
17657,линза,s,6.0,96,88,253,линз,6.0,5,3,0,406
47363,шампунь,s,6.0,83,73,193,шампунь,6.0,5,3,0,406
47736,шорты,s,5.5,85,81,233,шорт,6.5,5,3,0,405.97913
14847,кефир,s,5.9,84,84,257,кефир,5.9,5,3,0,405.9
14343,камыш,s,5.3,78,88,223,камыш,6.4,5,3,0,405.824088
574,амбар,s,4.9,80,85,175,амбар,6.9,5,3,0,405.814637
47524,шершавый,a,5.8,85,89,359,шерш,5.8,5,3,0,405.8
6694,гайка,s,5.2,86,90,264,гаеч,6.4,5,3,0,405.768882
47990,щука,s,5.3,86,88,220,щук,6.2,5,3,0,405.732364
14749,каштан,s,4.6,83,89,184,каштан,7.1,5,4,0,405.714893
16851,куб,s,5.7,90,87,278,куб-2,5.7,5,3,0,405.7
15278,ковш,s,4.8,84,85,214,ковш,6.6,5,3,0,405.628499
15489,колыбель,s,4.5,88,91,286,колыб,7.0,5,4,0,405.612486
47339,шалаш,s,5.3,82,89,209,шалаш,5.9,5,3,0,405.591959
42375,творог,s,5.0,89,88,266,твораж,6.1,5,4,0,405.522681
3152,булавка,s,4.9,87,89,270,булав,6.2,5,3,0,405.511806
7210,глобус,s,5.5,89,91,259,глобус,5.5,5,3,0,405.5
14602,карусель,s,5.5,90,90,272,карусель,5.5,5,4,0,405.5
47641,шкатулка,s,5.3,90,90,254,шкатул,5.7,5,4,0,405.496362
45497,фея,s,5.4,85,85,191,фе,5.4,5,5,0,405.4
16726,кроссовок,s,2.8,72,89,178,кросс,10.4,5,3,0,405.396295
40213,сом,s,2.9,58,79,94,сом,10.0,5,3,0,405.385165
43740,тыква,s,5.0,84,87,199,тыкв,5.8,5,3,0,405.385165
13482,иней,s,4.5,79,89,246,ин-2,6.4,5,4,0,405.366563
28175,персик,s,4.8,81,81,191,персик,6.0,5,4,0,405.366563
7307,гном,s,5.0,74,76,151,гном,5.7,5,4,0,405.338539
32986,принтер,s,5.3,87,76,214,принтер,5.3,5,3,0,405.3
19056,метеорит,s,3.1,71,79,109,метеор,9.0,5,3,0,405.282045
1605,баян,s,4.7,77,83,197,баян,5.9,5,4,0,405.265928
42961,томат,s,4.0,84,85,180,томат,6.9,5,4,0,405.25357
47983,щипцы,s,1.8,69,89,113,щип,15.0,5,3,0,405.196152
47800,штанга,s,4.2,73,84,179,штанг,6.3,5,3,0,405.143928
37136,ровный,a,36.9,99,95,1538,рав,1140.3,4,3,0,405.126961
16914,кукушка,s,4.6,82,87,201,куку,5.7,5,3,0,405.120547
14558,карнавал,s,5.1,84,90,258,карнавал,5.1,5,5,0,405.1
45706,фляга,s,3.5,65,82,143,фляг,7.3,5,3,0,405.054701
27121,паром,s,4.4,75,83,148,паром,5.7,5,3,0,405.007994
14463,капюшон,s,5.0,77,88,225,капюшон,5.0,5,3,0,405
43770,тюльпан,s,5.0,82,85,234,тюльпан,5.0,5,4,0,405
15462,колос,s,3.9,78,85,176,колаш,6.4,5,4,0,404.995998
47525,шест,s,4.6,86,91,231,шест-1,5.4,5,3,0,404.983974
28347,пижама,s,4.7,76,88,218,пижам,5.2,5,4,0,404.943683
7121,гиря,s,4.4,82,88,219,гир,5.4,5,3,0,404.874423
37414,рулон,s,4.3,89,90,223,рулон,5.5,5,3,0,404.863127
17251,лапша,s,4.8,85,89,261,лапш,4.8,5,3,0,404.8
47333,шайба,s,4.8,68,84,163,шайб,4.8,5,3,0,404.8
37434,русалка,s,4.2,80,87,177,русал,5.4,5,4,0,404.762352
48794,ящерица,s,3.6,77,74,158,ящер,6.0,5,3,0,404.64758
3250,бутон,s,4.6,70,63,159,бутон,4.6,5,4,0,404.6
14248,кактус,s,4.6,81,84,183,кактус,4.6,5,3,0,404.6
44375,укроп,s,4.6,82,80,189,укроп,4.6,5,3,0,404.6
13258,изюм,s,3.4,80,91,180,изюм,6.2,5,4,0,404.591296
8939,динозавр,s,3.1,77,90,186,"дино,завр",6.7,5,3,0,404.557412
24682,одуванчик,s,4.5,87,90,221,одуванчик,4.5,5,4,0,404.5
48464,эскалатор,s,4.4,84,89,188,эскалатор,4.4,5,3,0,404.4
39201,скорлупа,s,3.7,88,91,232,скорлуп,5.1,5,3,0,404.343961
45724,фольга,s,4.3,90,88,223,фольг,4.3,5,3,0,404.3
351,айсберг,s,4.2,88,87,216,айсберг,4.2,5,3,0,404.2
38973,сито,s,3.6,83,81,194,сит,4.9,5,3,0,404.2
27331,паяльник,s,1.3,50,82,69,па(j)-3,13.5,5,3,0,404.189272
37627,саксофон,s,3.6,67,68,119,саксофон,4.8,5,4,0,404.156922
15190,клюква,s,3.5,82,82,177,клюкв,4.9,5,3,0,404.141256
17430,ленивец,s,0.4,28,82,34,лен-1,42.4,5,4,0,404.118252
10002,дыня,s,4.1,76,84,177,дын,4.1,5,4,0,404.1
45498,фиалка,s,3.7,81,88,167,фиалк,4.4,5,4,0,404.034848
675,ангар,s,3.5,74,81,146,ангар,4.6,5,3,0,404.012481
1332,баклажан,s,4.0,61,71,108,баклажан,4.0,5,3,0,404
7118,гирлянда,s,3.9,94,93,259,гирлянд,3.9,5,4,0,403.9
28399,пингвин,s,3.9,70,78,125,пингвин,3.9,5,4,0,403.9
43762,тюбик,s,3.9,78,81,186,тюбик,3.9,5,3,0,403.9
2347,бисер,s,3.2,82,91,212,бисер,4.7,5,4,0,403.878144
45589,фильм,s,196.8,100,88,3009,фильм,211.2,4,4,0,403.872902
20,абрикос,s,3.3,72,80,139,абрикос,4.5,5,4,0,403.85357
18144,лямка,s,3.8,85,92,239,лям,3.8,5,3,0,403.8
26991,панцирь,s,3.8,88,90,220,панцирь,3.8,5,3,0,403.8
1396,бамбук,s,2.6,75,88,142,бамбук,5.5,5,3,0,403.781534
46259,хобот,s,3.4,65,78,138,хобот,4.2,5,3,0,403.778889
24949,окунь,s,3.5,69,85,130,окун,4.0,5,3,0,403.741657
10411,жетон,s,3.4,69,69,120,жетон,4.1,5,3,0,403.733631
7894,гроздь,s,3.7,87,92,262,грозд,3.7,5,4,0,403.7
8162,дамба,s,3.7,73,84,151,дамб,3.7,5,3,0,403.7
16518,креветка,s,3.7,70,87,157,кревет,3.7,5,3,0,403.7
27008,папоротник,s,3.7,71,86,161,папорот,3.7,5,3,0,403.7
34994,пюре,s,3.7,73,80,149,пюре,3.7,5,3,0,403.7
14355,канарейка,s,2.9,55,74,97,канар,4.7,5,4,0,403.691883
28497,пицца,s,3.3,69,83,137,пицц,4.1,5,5,0,403.678315
41477,страус,s,3.1,71,82,130,страус,4.3,5,3,0,403.651027
658,ананас,s,3.6,83,90,185,ананас,3.6,5,4,0,403.6
15559,комета,s,3.6,76,88,185,комет,3.6,5,3,0,403.6
17943,лотос,s,3.6,77,89,160,лотос,3.6,5,4,0,403.6
2782,бордюр,s,3.4,80,85,199,бордюр,3.8,5,3,0,403.59444
48731,янтарь,s,2.3,71,84,118,янтар,5.6,5,4,0,403.588872
45456,фен,s,2.0,52,83,85,фен,6.4,5,3,0,403.577709
400,акробат,s,2.5,63,80,115,акробат,4.9,5,4,0,403.5
17579,лиана,s,3.5,75,85,152,лиан,3.5,5,3,0,403.5
26917,палитра,s,3.5,81,91,265,палитр,3.5,5,3,0,403.5
37847,сандалия,s,3.5,73,87,182,сандали,3.5,5,3,0,403.5
18384,мандарин,s,3.1,83,89,150,мандарин,3.8,5,4,0,403.4322
9429,домино,s,3.4,77,89,184,домино,3.4,5,3,0,403.4
14371,канистра,s,3.4,75,87,154,канистр,3.4,5,3,0,403.4
2577,бобер,s,2.6,64,76,96,бобёр,4.3,5,3,0,403.343651
23499,оазис,s,3.3,85,89,206,оазис,3.3,5,4,0,403.3
44418,улитка,s,3.0,79,88,167,улит,3.6,5,3,0,403.286335
33422,прищепка,s,0.5,35,85,38,щеп,21.1,5,3,0,403.248076
19805,морж,s,2.6,57,80,80,морж,4.0,5,3,0,403.224903
14130,йогурт,s,3.2,68,86,160,йогурт,3.2,5,3,0,403.2
19268,миндаль,s,2.2,62,87,109,миндал,4.6,5,4,0,403.181195
16087,коралл,s,2.3,69,80,98,коралл,4.3,5,4,0,403.144837
26849,павлин,s,2.4,70,80,115,пав,4.1,5,4,0,403.136877
348,аист,s,3.1,70,86,120,аист,3.1,5,3,0,403.1
10045,дятел,s,3.1,74,79,128,дятел,3.1,5,3,0,403.1
1616,бегемот,s,3.0,74,87,159,бегемот,3.0,5,3,0,403
45412,фасоль,s,3.0,72,83,137,фасол,3.0,5,3,0,403
6739,гамак,s,2.9,62,82,104,гамак,2.9,5,4,0,402.9
10235,жабра,s,2.9,53,58,103,жабер,2.9,5,3,0,402.9
17235,ландыш,s,2.9,75,86,162,ландыш,2.9,5,4,0,402.9
10504,жираф,s,2.6,70,86,125,жираф,3.1,5,3,0,402.839014
43768,тюлень,s,2.6,58,79,93,тюлен,3.0,5,3,0,402.792848
44408,улей,s,2.7,82,88,165,ул-2,2.7,5,3,0,402.7
20195,мята,s,2.2,70,88,135,мят-2,3.3,5,3,0,402.694439
9905,дупло,s,2.6,66,87,132,дупл,2.6,5,3,0,402.6
15350,кокон,s,2.5,75,80,130,кокон,2.5,5,3,0,402.5
25454,орхидея,s,2.4,73,88,130,орхиде,2.4,5,4,0,402.4
36703,редис,s,1.5,42,68,57,редис,3.8,5,3,0,402.387467
37265,ромб,s,1.8,62,88,110,ромб,3.1,5,3,0,402.362202
24973,олива,s,0.8,37,78,43,олив,6.9,5,4,0,402.349468
360,акваланг,s,1.9,54,77,71,акваланг,2.8,5,3,0,402.306513
17935,лосось,s,1.7,58,86,89,лосос,2.8,5,3,0,402.181742
14827,кенгуру,s,2.1,62,85,98,кенгуру,2.1,5,3,0,402.1
16497,кратер,s,2.1,66,87,97,кратер,2.1,5,3,0,402.1
26987,пантера,s,2.1,60,70,102,пантер,2.1,5,3,0,402.1
3496,вафля,s,1.5,47,70,70,вафел,2.9,5,4,0,402.085665
40448,сота,s,1.2,55,86,80,сот,3.5,5,3,0,402.04939
10034,дюна,s,2.0,61,86,109,дюн,2.0,5,3,0,402
12467,зебра,s,1.9,70,87,116,зебр,1.9,5,3,0,401.9
15071,клевер,s,1.8,63,86,107,клевер,1.8,5,4,0,401.8
15351,кокос,s,1.0,46,85,53,кокос,3.0,5,3,0,401.732051
46743,циркуль,s,1.5,53,84,87,циркуль,2.0,5,3,0,401.732051
46338,хомяк,s,1.1,45,82,56,хомяк,2.5,5,4,0,401.658312
1505,барсук,s,1.4,35,74,55,барсук,1.9,5,3,0,401.630951
3185,бумеранг,s,1.5,52,83,92,бумеранг,1.5,5,3,0,401.5
30856,пончик,s,1.5,40,64,50,пончик,1.5,5,4,0,401.5
18496,мармелад,s,1.3,47,78,66,мармелад,1.7,5,4,0,401.486607
2936,брелок,s,1.4,57,86,90,брелок,1.4,5,3,0,401.4
9776,дрель,s,1.4,45,79,63,дрель,1.4,5,3,0,401.4
38532,сельдь,s,1.4,60,88,97,селёд,1.4,5,3,0,401.4
6751,гантель,s,1.3,50,85,77,гантел,1.3,5,3,0,401.3
776,антилопа,s,1.2,41,81,64,антилоп,1.2,5,3,0,401.2
6949,гепард,s,1.2,25,59,31,гепард,1.2,5,3,0,401.2
7465,гонг,s,1.2,43,82,67,гонг,1.2,5,3,0,401.2
14814,кекс,s,1.1,47,83,71,кекс,1.1,5,4,0,401.1
18383,манго,s,1.1,35,82,54,манго,1.1,5,3,0,401.1
45611,финик,s,0.9,40,83,56,финик,1.3,5,3,0,401.081665
521,алоэ,s,1.0,35,69,44,алоэ,1.0,5,3,0,401
27383,пеликан,s,1.0,36,73,46,пеликан,1.0,5,3,0,401
10185,енот,s,0.9,38,76,52,енот,0.9,5,3,0,400.9
48594,юла,s,0.5,29,79,36,юл,1.6,5,3,0,400.894427
926,арахис,s,0.7,28,73,37,арахис,0.7,5,3,0,400.7
39017,скалка,s,0.7,42,86,54,скал-2,0.7,5,3,0,400.7
43642,тунец,s,0.7,27,71,32,тунец,0.7,5,3,0,400.7
1568,батут,s,0.5,30,75,37,батут,0.5,5,4,0,400.5
12539,зефир,s,0.5,37,84,40,зефир,0.5,5,4,0,400.5
28413,пипетка,s,0.5,33,84,39,пипетк,0.5,5,3,0,400.5
45664,фламинго,s,0.5,30,82,39,фламинго,0.5,5,3,0,400.5
15244,коала,s,0.4,15,63,16,коал,0.4,5,4,0,400.4
14568,карта,s,103.0,100,95,2632,карт,388.0,4,4,0,399.90998
44057,угол,s,168.1,100,95,3539,угл-1,234.8,4,3,0,398.67028
23322,новый,a,1217.5,100,96,21161,нов,2063.5,1,3,0,396.256802
41558,строитель,s,28.5,99,92,1317,стра,1345.0,4,3,0,395.786874
418,актер,s,114.4,99,87,1827,акт,328.9,4,4,0,393.974638
39680,смех,s,74.6,98,89,1816,сме-1,498.8,4,5,0,392.900181
23580,обед,s,69.7,100,95,1879,е-1,504.4,4,4,0,387.501147
47015,черный,a,337.5,100,95,5448,черн,439.7,3,3,0,385.225583
44441,улыбка,s,98.1,99,93,2015,лыб,342.7,4,5,0,383.354493
5375,врач,s,173.1,100,94,3401,врач,191.9,4,4,0,382.257757
42362,твердый,a,59.5,100,95,2289,тверд,508.3,4,3,0,373.90759
17691,лист,s,127.6,100,92,2933,лист,234.9,4,3,0,373.127814
10643,забор,s,48.3,99,92,1380,бер,2792.9,3,3,0,367.283365
40614,спектакль,s,164.7,100,88,1819,спектакль,165.8,4,4,0,365.249085
42613,теплый,a,104.0,100,95,3015,тепел,260.3,4,5,0,364.533279
4911,волна,s,95.4,100,95,2763,волн-1,268.8,4,3,0,360.135942
31939,праздник,s,115.0,100,95,3597,поражн,222.2,4,5,0,359.853058
40156,солдат,s,142.2,100,92,2170,солдат,172.3,4,3,0,356.528144
6863,генерал,s,140.0,100,92,1951,генерал,169.7,4,3,0,354.136303
12482,зеленый,a,124.4,100,95,3278,зел,185.5,4,4,0,351.908525
16174,короткий,a,175.6,100,93,4629,корач,680.2,3,3,0,345.60544
10016,дышать,v,64.4,99,93,1869,дых,320.3,4,3,0,343.622143
23186,низкий,a,160.7,100,95,6091,ниж,730.6,3,3,0,342.647662
41930,сухой,a,83.0,100,96,2529,сох-2,236.1,4,3,0,339.986785
25740,острый,a,85.1,100,97,3134,вастр,230.0,4,3,0,339.903538
48743,яркий,a,93.9,100,97,3664,яр-1,207.1,4,4,0,339.451389
6653,газ,s,101.0,100,90,2730,газ,182.8,4,3,0,335.877886
12739,зуб,s,116.0,100,93,2315,зуб,159.0,4,4,0,335.808689
31185,порядок,s,307.6,100,89,8151,ряд,1459.4,2,4,0,335.004269
15305,кожа,s,109.5,100,90,2319,кож,164.4,4,3,0,334.170787
3252,бутылка,s,117.1,99,92,2143,бутыл,136.5,4,3,0,326.428438
14552,карман,s,120.5,100,92,2500,карман,132.4,4,3,0,326.309936
46539,царь,s,74.7,100,88,1484,цар,207.1,4,3,0,324.379942
10044,дядя,s,107.5,100,90,1479,дяд,136.5,4,3,0,321.135255
1529,баскетбол,s,4.8,67,86,202,"баскет,бол-2",2916.3,4,3,0,318.314158
36724,режиссер,s,103.5,98,88,1848,режисс,132.0,4,4,0,316.884558
42566,тень,s,94.3,100,94,2393,тен,144.5,4,3,0,316.731958
7957,груз,s,45.7,99,91,1571,груж,294.1,4,3,0,315.93261
41128,старый,a,368.5,100,96,7242,стар,1080.4,3,2,0,315.486688
8228,двигать,v,14.3,99,96,820,дви,885.9,4,3,0,312.553854
28775,плыть,v,42.5,97,92,1241,пла,292.2,4,3,0,311.438324
17000,купить,v,192.7,100,94,5092,куп-1,503.1,3,4,0,311.363726
38717,серый,a,96.1,100,93,2202,сер-1,114.5,4,3,0,304.897331
4903,волейбол,s,3.7,80,88,222,"волейбол,бол-2",2911.6,4,3,0,303.792678
15243,князь,s,86.0,100,81,1088,княг,119.1,4,3,0,301.205731
39643,смена,s,65.1,100,96,2926,мен-1,1392.8,3,3,0,301.116722
47435,шахматы,s,19.0,96,92,633,"шах,мат-1",501.2,4,3,0,297.584835
16005,концерт,s,90.2,99,89,1744,концерт,105.2,4,5,0,297.411704
10345,желтый,a,78.1,100,94,2036,желт,117.2,4,3,0,295.672985
17367,лед,s,62.5,100,91,1477,лед-2,137.0,4,3,0,292.533778
19996,музей,s,87.0,100,93,2254,музей,97.4,4,4,0,292.053245
38281,связь,s,346.1,100,91,9592,вяж,982.8,2,3,0,291.610648
19593,мозг,s,84.5,100,92,2187,мозг-1,97.4,4,3,0,290.721001
38410,север,s,47.0,100,95,1761,север,173.7,4,3,0,290.354303
9096,длинный,a,170.1,100,94,3436,дл,491.4,3,3,0,289.114406
27228,пастух,s,9.6,94,90,363,пас-2,812.0,4,3,0,288.29043
1258,аэропорт,s,37.2,99,93,1182,"аэр,порт-3",208.6,4,3,0,288.090408
42731,тетя,s,64.5,95,90,907,тет,120.1,4,3,0,288.013919
12423,звон,s,24.4,97,92,896,зван,293.6,4,3,0,284.639471
42272,танец,s,54.1,100,89,1464,танец,124.4,4,4,0,282.036821
14349,канал,s,71.5,100,91,2364,канал,92.3,4,3,0,281.236999
17740,лить,v,10.4,97,93,568,ле(j),620.5,4,3,0,280.331812
14192,кадр,s,64.5,100,93,2440,кадр,89.9,4,3,0,276.148211
10822,завтрак,s,28.3,97,94,1081,завтра,201.6,4,4,0,275.533304
16311,кость,s,58.5,100,83,1523,кащ,93.8,4,3,0,274.076312
48576,юг,s,39.5,100,95,1663,юг,133.8,4,3,0,272.698693
19663,молоко,s,57.4,99,93,1729,млек,90.7,4,4,0,272.153863
7907,громкий,a,45.9,100,95,1918,грем,447.2,5,2,0,271.635326
35031,пятка,s,13.1,99,93,654,пят-2,390.6,4,3,0,271.53223
23404,носок,s,25.2,99,93,952,нос-1,201.9,4,3,0,271.329377
17851,лодка,s,62.9,99,90,1199,лад-2,78.2,4,3,0,270.134015
16795,крутить,v,26.8,98,94,1232,крут,181.2,4,3,0,269.686154
16915,кулак,s,62.5,98,92,1543,кулак,76.0,4,3,0,268.920244
2494,блеск,s,29.7,99,95,1211,блес,159.9,4,3,0,268.913206
46977,чернила,s,10.5,95,88,449,черн,439.7,4,3,0,267.947406
3733,вера,s,165.1,100,90,2845,вер-1,1732.2,2,4,0,267.388397
8094,густой,a,47.2,99,93,1436,густ,92.4,4,3,0,266.039988
29186,подвал,s,33.5,98,93,1056,вал,484.8,5,2,0,263.719699
4629,водолаз,s,3.5,68,84,127,"лаз,вод-2",1115.3,4,3,0,262.478396
46104,хвост,s,55.4,100,93,1581,хвост,68.4,4,3,0,261.557778
47172,чистый,a,159.0,100,97,4768,чист,429.2,3,3,0,261.233229
47508,шепот,s,27.0,98,90,880,шеп,136.1,4,3,0,260.619304
39435,слеза,s,114.2,100,93,2390,слез,127.4,5,2,0,260.309784
34318,простыня,s,18.2,94,91,660,праст,793.3,5,2,0,260.079239
34673,прятать,v,26.9,98,93,1120,прят,131.4,4,3,0,259.453007
43594,трясти,v,17.5,93,91,785,тряс,198.5,4,3,0,258.938527
46917,чемпион,s,35.4,96,88,1212,чемпион,97.9,4,5,0,258.869856
27014,пар,s,26.2,99,92,1049,пар-1,122.8,4,3,0,256.721777
41637,стук,s,23.5,95,92,893,тук-1,136.0,4,3,0,256.533176
14693,катить,v,7.6,87,90,405,кат-1,419.2,4,3,0,256.443955
3923,вешалка,s,8.8,91,90,449,вес-1,358.6,4,3,0,256.175439
38893,синий,a,82.8,100,93,2010,син,152.2,5,2,0,256.129671
35038,пятно,s,50.1,100,93,1538,пятн,62.3,4,3,0,255.867969
15854,конструктор,s,25.6,97,85,904,конструк,115.9,4,4,0,254.470542
27193,паспорт,s,49.6,100,94,1461,паспорт,59.8,4,3,0,254.46173
46210,хлопать,v,20.2,96,91,861,хлоп,141.6,4,3,0,253.48196
35177,радость,s,137.2,100,92,3583,рад-1,466.9,3,5,0,253.098163
19094,метро,s,48.9,99,95,1611,метро,56.4,4,3,0,252.516283
42930,толпа,s,96.7,100,94,2128,толп,109.2,5,2,0,251.380054
18554,массаж,s,9.5,89,82,341,масс,269.4,4,4,0,250.589525
24058,обочина,s,14.7,94,93,735,бок,168.3,4,3,0,249.739421
31764,почта,s,33.0,100,95,1448,почт,72.3,4,3,0,248.845675
28892,повар,s,13.3,96,92,522,вар-1,173.2,4,3,0,247.995416
7161,гладкий,a,23.9,99,94,1083,глад-1,95.6,4,4,0,247.8
37375,ружье,s,28.3,96,90,808,руж,322.9,5,2,0,247.796626
16124,коричневый,a,25.5,100,93,947,кор-1,88.7,4,3,0,247.558911
15513,ком,s,11.2,98,92,571,ком,185.2,4,3,0,245.543825
37930,сахар,s,38.1,100,88,1145,сахар,53.5,4,4,0,245.14809
45691,флот,s,41.0,99,90,1054,флот,49.7,4,3,0,245.140891
10435,живот,s,65.6,99,92,1567,жи,3660.6,2,4,0,245.01804
48680,ядро,s,25.8,98,79,785,ядер,77.3,4,3,0,244.658034
47985,щит,s,21.9,99,94,956,щит,350.5,5,2,0,243.80625
2984,бровь,s,41.6,98,91,1080,бров,46.1,4,3,0,243.792237
44263,ужин,s,36.5,98,94,1231,ужин,52.3,4,4,0,243.691532
43674,турист,s,27.0,100,93,994,тур,69.7,4,4,0,243.380871
1601,башня,s,39.4,100,92,1124,башен,45.6,4,3,0,242.38679
10456,жидкий,a,23.0,100,92,1036,жид-2,75.8,4,3,0,241.754042
7530,горизонт,s,33.7,100,95,1313,горизонт,51.4,4,3,0,241.619467
19156,мигать,v,7.3,85,90,424,мг,236.3,4,3,0,241.532999
20010,мука,s,40.2,99,94,1406,мук-2,42.5,4,3,0,241.334005
9991,дым,s,58.8,100,92,1491,дым-1,109.6,5,2,0,240.138759
7217,глоток,s,15.8,94,90,656,глат,98.1,4,3,0,239.369785
17148,лавка,s,26.2,98,92,911,лав-1,58.3,4,3,0,239.082733
46697,цех,s,37.9,98,94,1284,цех,39.8,4,3,0,238.838383
30374,полиция,s,38.2,99,93,1226,полици,38.2,4,3,0,238.2
46341,хор,s,35.1,99,94,1197,хор-2,41.2,4,4,0,238.027885
28386,пилот,s,26.9,96,90,717,пилот,51.6,4,3,0,237.256409
34949,пыль,s,53.5,100,92,1609,пыл-2,102.1,5,2,0,236.953856
26659,офис,s,34.1,99,91,1420,офис,39.8,4,3,0,236.839924
12714,зоопарк,s,12.4,98,90,484,"зоо,парк",109.3,4,4,0,236.814671
28676,пленка,s,34.9,99,92,1128,плен-2,38.6,4,3,0,236.703406
28666,племя,s,23.1,99,92,838,плем,55.0,4,3,0,235.644074
42107,сыпать,v,6.6,89,92,407,соп-3,191.9,4,3,0,235.588481
5071,ворота,s,59.2,100,94,1618,ворот-2,79.3,5,2,0,234.25843
14957,кипеть,v,18.9,99,92,916,кип-1,61.2,4,3,0,234.009999
7831,грести,v,5.7,79,88,260,граб-1,194.0,4,3,0,233.253571
8977,диск,s,26.3,99,92,1055,диск,41.6,4,3,0,233.07688
37042,решетка,s,29.0,100,95,1136,решет,36.5,4,3,0,232.534597
28749,плотник,s,7.2,91,89,328,плач-3,141.9,4,3,0,231.963729
29967,поза,s,29.8,99,94,1084,поз,33.2,4,3,0,231.454094
14998,кислый,a,11.3,98,94,605,кис-1,85.1,4,3,0,231.01016
16739,крошка,s,13.5,97,88,580,крох,65.3,4,3,0,229.690908
25554,осколок,s,20.4,98,93,858,кал-2,170.6,5,2,0,229.496779
1554,батарея,s,28.7,99,87,753,батаре,28.7,4,3,0,228.7
41617,струя,s,20.3,99,93,839,стру(j),36.0,4,3,0,227.033313
15720,конверт,s,25.4,97,92,820,конверт,28.6,4,3,0,226.952551
43628,туман,s,42.9,100,92,1166,туман,66.4,5,2,0,226.685951
20001,музыка,s,175.7,100,94,3440,музык,292.1,3,4,0,226.543528
43001,топать,v,9.1,87,90,459,тап-1,73.3,4,3,0,225.826924
26668,официант,s,20.7,93,85,497,официант,30.7,4,3,0,225.208927
30286,ползти,v,22.7,96,91,813,палз,110.7,5,2,0,225.064367
7127,гитара,s,22.2,92,92,767,гитар,27.7,4,3,0,224.797984
38205,свист,s,11.9,94,92,575,свист,50.4,4,3,0,224.489998
34790,пузырь,s,16.1,100,90,691,пуз,37.1,4,3,0,224.439926
42706,тесто,s,10.6,99,90,457,тест-1,55.0,4,3,0,224.145393
13396,имя,s,401.7,100,97,9402,им-2,499.7,2,3,0,224.014224
37369,руда,s,16.0,88,79,342,руд,34.9,4,3,0,223.630489
10003,дыра,s,31.6,98,92,1117,дыр,69.9,5,2,0,223.499149
4909,волк,s,36.1,100,91,1005,волк,58.5,5,2,0,222.977435
47522,шерсть,s,16.9,99,94,715,шерст,30.5,4,3,0,222.703524
33462,пробка,s,21.3,100,93,892,пробк,22.8,4,3,0,222.037241
18727,мед,s,18.5,100,92,788,мед-2,26.0,4,3,0,221.931712
7369,голень,s,4.3,82,78,177,гал,108.1,4,3,0,221.559917
16891,кузнец,s,6.6,91,88,238,ков,67.9,4,4,0,221.169317
42349,таять,v,11.8,95,93,667,та-2,36.1,4,3,0,220.639283
1448,барабан,s,15.7,99,91,593,барабан,27.1,4,3,0,220.626924
2235,бетон,s,11.3,94,89,482,бетон,37.2,4,3,0,220.502683
36753,резина,s,9.7,96,94,509,резин,37.4,4,3,0,219.046785
42838,тихий,a,107.3,100,94,2634,тих,444.6,3,4,0,218.416071
35863,район,s,187.8,100,93,5771,район,253.8,3,3,0,218.32004
16261,косметика,s,13.2,94,79,468,космет,25.2,4,4,0,218.238421
3019,броня,s,8.1,94,86,321,брон,40.5,4,3,0,218.112151
8970,дирижер,s,14.7,88,87,495,дириж,21.3,4,3,0,217.694915
23477,нырять,v,8.7,93,91,466,ныр,34.7,4,3,0,217.374982
