Number,word
10482,жизнь
41425,стоять
12872,идти
4179,видеть
37378,рука
17781,лицо
35048,работа
2753,большой
7380,голова
39509,слово
8578,день
9823,друг
9414,дом
17390,лежать
41446,страна
7571,город
7168,глаз
38801,сидеть
28451,писать
10782,завод
21041,народ
7336,говорить
10360,жена
33122,природа
30433,полный
6338,высокий
7349,год
29157,подарок
41345,стол
36229,рассказ
7411,голос
12619,знак
16485,красный
23324,нога
19330,мир
47180,читать
24584,одеяло
38813,сила
8223,дверь
37731,самолет
15214,книга
18346,мальчик
9553,дорога
43127,точка
18082,любовь
4604,вода
1955,белый
29918,поезд
10227,ехать
16824,крыша
23910,обнимать
44419,улица
24845,окно
39594,слышать
38118,свет
46831,час
42381,театр
48689,язык
16741,круг
1652,бежать
37591,сад
168,автомобиль
45141,утро
8364,девочка
37514,рынок
14780,квартира
42485,тело
41212,стена
15761,конец
5028,вопрос
39416,след
23429,ночь
4778,воздух
29072,погода
19975,муж
12527,зеркало
7682,гость
15193,ключ
17542,лететь
3805,вертолет
6656,газета
16448,краска
28706,плечо
45239,учитель
2896,брат
7620,горячий
13569,институт
30812,понедельник
30256,поле
26914,палец
30383,полка
19797,море
10560,журнал
12506,земля
33802,прозрачный
42022,сцена
21512,небо
8138,далекий
40184,солнце
21727,неделя
28767,площадь
45183,ухо
40696,спина
1978,берег
42469,телефон
28487,пить
30232,пол
3180,бумага
31222,поселок
14315,камень
11252,закон
1283,бабушка
24501,огонь
7488,гора
29521,поднос
47652,школа
23391,нос
37340,рубашка
38163,свеча
38441,седло
17529,лестница
26791,очки
9941,духи
3880,ветер
4937,волос
36808,река
39816,снег
46809,чай
39883,собака
18156,магазин
7955,грудь
8020,губа
14151,кабинет
15386,колено
12390,звезда
8619,деревня
11615,запад
41778,судья
28301,печь
43516,труба
40608,спать
4651,водоросль
37310,рот
38725,сестра
12544,зима
17107,кухня
26661,офицер
28079,переулок
41186,стекло
35894,рамка
38585,семья
15099,клетка
4638,водопад
17082,кусок
48505,этаж
16086,корабль
43141,трава
23326,ноготь
20174,мягкий
46186,хлеб
15395,колесо
16115,коридор
12682,золото
28312,пещера
9114,дно
42948,толстый
3851,весна
15505,кольцо
28293,печень
29844,подушка
25721,остров
42099,сын
28624,платье
16575,крест
46672,цепь
17175,ладонь
4227,вилка
17161,лагерь
10649,забота
28816,победа
9401,долина
11500,замок
23329,нож
46315,холодильник
25521,осень
17957,лошадь
16812,крыло
23092,нефть
47554,шея
19125,мечта
16104,корень
9270,дождь
19607,мокрый
20189,мясо
41644,стул
17803,лоб
39533,слой
36965,ресторан
45953,футбол
42418,телевизор
16312,костюм
19862,мост
16248,коса
38156,светофор
5189,восток
18546,масло
48779,ясный
20444,надежда
28268,петь
35874,ракета
15691,компьютер
2285,билет
45813,фото
41018,стакан
1278,бабочка
4334,вихрь
16383,кошка
48796,ящик
19140,мешок
17345,легкий
17084,куст
40206,соль
34635,прыгать
10325,железо
26883,пакет
37199,роза
23754,облако
20164,мышь
16348,кофе
17308,лев
37883,сапог
28223,песок
31116,порт
17547,лето
18006,луч
41833,сумка
5790,вывеска
48644,яблоко
8847,диван
20129,мыло
19814,мороженое
44273,узел
7543,горло
31551,потолок
14438,капля
14707,катушка
30482,полотенце
31926,правый
16148,коробка
41400,сторож
24758,озеро
47379,шар
15511,коляска
17995,луна
24817,океан
26898,палатка
40364,сосед
41164,ствол
2802,борода
2253,библиотека
45229,ученый
47643,шкаф
37417,руль
16152,корова
26708,охота
26936,пальто
16299,костер
4544,внук
18884,мельница
5578,вспышка
48704,яйцо
19072,метла
14484,карандаш
40125,сок
17037,курица
3453,варенье
46915,чемодан
17888,лом
47374,шапка
41736,сугроб
14728,качели
43823,тянуть
47620,шить
12196,затылок
17885,локоть
46868,чашка
25849,отвертка
17866,ложка
17223,лампа
1443,баня
7853,гриб
17060,куртка
19199,микрофон
28711,плита
42310,тарелка
18834,мел
46735,цирк
18527,маска
28159,перо
15199,клюшка
2842,ботинок
16080,кора
7432,голубь
38216,свиток
41346,столб
17653,линейка
42113,сыр
45997,халат
17446,лента
16048,копать
39013,скала
45733,фонарь
47688,шляпа
47808,штаны
2022,беседка
28342,пиджак
47327,шаг
44835,усы
47738,шоссе
40394,сосна
47956,щель
16329,котел
14975,кирпич
3744,веревка
19104,мех
12532,зерно
46308,холм
16077,копыто
15265,ковер
41232,степь
3435,ванна
37139,рог
17744,лифт
3631,ведро
34622,пружина
23244,нить
1541,бассейн
28744,плот
10172,елка
19121,меч
18734,медведь
15230,кнопка
45654,флаг
25979,отель
15364,колбаса
18729,медаль
1137,асфальт
34941,пылесос
32994,принц
43195,трамвай
14620,касса
25776,осьминог
36878,ремень
37724,самокат
8250,двор
21565,невеста
42215,такси
16904,кукла
28580,пластик
9859,дуб
28642,плащ
1371,балкон
19636,молния
20207,мяч
14737,каша
42725,тетрадь
33365,прицеп
6825,гвоздь
34898,пух
10122,еж
39253,скрепка
1989,береза
15004,кисть
1419,банк
48570,юбка
43488,тропа
2850,бочка
12384,заяц
41852,суп
16532,крем
14593,картофель
9802,дрова
32397,пресс
48709,якорь
43026,топор
43190,трактор
31114,порошок
7223,глубокий
42460,телескоп
39540,слон
28791,пляж
7716,грабли
7194,глина
47436,шахта
2685,бокал
1646,бедро
17911,лопата
28204,перчатка
3693,велосипед
34658,прямой
24441,овца
43706,туфля
33459,пробирка
15085,клей
18021,лыжа
40728,спичка
15438,колодец
29744,подсолнух
28428,пирог
37464,ручей
15175,клубника
47044,чеснок
47868,шуба
16421,кран
15441,колокол
43505,тротуар
25397,орел
37095,рисунок
36602,ребро
23405,носорог
13825,искра
42419,телега
14604,карьер
37532,рыцарь
3134,букет
15959,конфета
34774,пуговица
42159,таблетка
16642,кристалл
24550,огурец
28538,плакат
19898,мотоцикл
3652,веко
45743,фонтан
23611,обезьяна
18215,мазь
47670,шлем
37533,рычаг
27388,пена
37331,рояль
907,аптека
42628,терка
517,алмаз
45590,фильтр
4324,витрина
17305,лебедь
18179,магнит
41387,стопа
4306,висок
27165,парус
42771,тигр
38568,семечко
28377,пила
42169,табуретка
43371,треугольник
31762,почка
37543,рюкзак
41150,статуя
14155,каблук
9953,душ
28416,пирамида
36868,рельс
41007,стадион
46810,чайка
7606,горшок
16829,крюк
19914,мочалка
20040,муравей
14685,катер
36945,ресница
17006,купол
14641,кастрюля
46912,челюсть
8098,гусь
46949,черепаха
37634,салат
47115,чешуя
19191,микроскоп
28988,поворот
35886,раковина
24436,овраг
16055,копилка
3367,ваза
28102,перец
41649,ступень
3103,будка
13278,икра
17639,лимон
41609,струна
42183,таз
29390,подкова
5043,воробей
47489,шелк
37850,сани
46722,цилиндр
45087,утка
47723,шоколад
38214,свитер
18105,люк
26931,пальма
2297,бинокль
40196,солома
23362,нора
14260,календарь
42646,термос
3245,бутерброд
41173,стебель
2565,блюдце
47976,щетка
46935,чердак
47828,штора
43636,тумбочка
4253,виноград
36461,расческа
14831,кепка
3482,вата
18135,лягушка
6674,газон
41848,сундук
34929,пшеница
10549,жук
9881,дуга
2524,блин
19905,мох
16378,кошелек
38944,сирень
11343,зал
17686,лиса
2541,блокнот
15129,клин
16122,корица
38459,сейф
34924,пчела
39048,скатерть
44216,удочка
45386,фара
17012,купюра
16165,корона
27057,парашют
19362,миска
47294,чулок
16079,копье
43095,торт
3240,бусы
3737,верблюд
14329,камин
16338,котлета
8086,гусеница
47713,шнурок
37644,салфетка
4346,вишня
35178,радуга
17910,лопасть
19812,морковь
15005,кит
21419,начало
34811,пульт
7996,груша
47636,шишка
18274,малина
43023,тополь
30996,попугай
8006,грядка
42817,тиски
43640,тундра
40702,спираль
39718,смола
18225,мак
14357,канат
47407,шарф
15027,клавиша
5065,воронка
18640,матрас
20058,мускул
1510,бархат
34648,прядь
3721,вентилятор
7585,горох
3850,весло
18117,люстра
2299,бинт
25516,осел
37346,рубин
937,арбуз
34666,пряник
7595,горсть
45152,утюг
17457,лепесток
17631,лилия
43482,трон
42295,тапочка
45313,факел
30668,помада
859,апельсин
2575,боб
15476,колпак
16884,кудри
47668,шланг
39941,сова
12708,зонт
45363,фанера
39155,сковорода
38718,серьга
7845,гречка
3274,бухта
37221,рой
40128,сокол
15181,клумба
37126,робот
10357,жемчуг
365,аквариум
16396,краб
7262,глыба
16911,кукуруза
40191,соловей
27386,пельмень
3159,булочка
42992,тоннель
7861,грива
8804,джунгли
14615,каска
40343,сорока
12785,ива
14144,кабачок
16873,кувшин
18374,мамонт
38042,свекла
1403,банан
37522,рысь
8511,дельфин
7763,гранат
17936,лось
14442,капот
18003,лупа
27074,парик
10485,жилет
43502,трость
3637,веер
15093,клен
34826,пупок
2893,браслет
5699,вулкан
1379,баллон
17267,ласточка
47102,чехол
1439,бант
41503,стрекоза
14471,караван
39466,слива
18684,мачта
45945,фургон
45401,фартук
13433,индейка
37264,ромашка
6728,галоша
45675,флейта
48107,экскаватор
37078,рис
17929,лоскут
14137,кабан
16727,крот
17461,лепешка
17657,линза
47363,шампунь
47736,шорты
14847,кефир
14343,камыш
574,амбар
47524,шершавый
6694,гайка
47990,щука
14749,каштан
16851,куб
15278,ковш
15489,колыбель
47339,шалаш
42375,творог
3152,булавка
7210,глобус
14602,карусель
47641,шкатулка
45497,фея
16726,кроссовок
40213,сом
43740,тыква
13482,иней
28175,персик
7307,гном
32986,принтер
19056,метеорит
1605,баян
42961,томат
47983,щипцы
47800,штанга
37136,ровный
16914,кукушка
14558,карнавал
45706,фляга
27121,паром
14463,капюшон
43770,тюльпан
15462,колос
47525,шест
28347,пижама
7121,гиря
37414,рулон
17251,лапша
47333,шайба
37434,русалка
48794,ящерица
3250,бутон
14248,кактус
44375,укроп
13258,изюм
8939,динозавр
24682,одуванчик
48464,эскалатор
39201,скорлупа
45724,фольга
351,айсберг
38973,сито
27331,паяльник
37627,саксофон
15190,клюква
17430,ленивец
10002,дыня
45498,фиалка
675,ангар
1332,баклажан
7118,гирлянда
28399,пингвин
43762,тюбик
2347,бисер
45589,фильм
20,абрикос
18144,лямка
26991,панцирь
1396,бамбук
46259,хобот
24949,окунь
10411,жетон
7894,гроздь
8162,дамба
16518,креветка
27008,папоротник
34994,пюре
14355,канарейка
28497,пицца
41477,страус
658,ананас
15559,комета
17943,лотос
2782,бордюр
48731,янтарь
45456,фен
400,акробат
17579,лиана
26917,палитра
37847,сандалия
18384,мандарин
9429,домино
14371,канистра
2577,бобер
23499,оазис
44418,улитка
33422,прищепка
19805,морж
14130,йогурт
19268,миндаль
16087,коралл
26849,павлин
348,аист
10045,дятел
1616,бегемот
45412,фасоль
6739,гамак
10235,жабра
17235,ландыш
10504,жираф
43768,тюлень
44408,улей
20195,мята
9905,дупло
15350,кокон
25454,орхидея
36703,редис
37265,ромб
24973,олива
360,акваланг
17935,лосось
14827,кенгуру
16497,кратер
26987,пантера
3496,вафля
40448,сота
10034,дюна
12467,зебра
15071,клевер
15351,кокос
46743,циркуль
46338,хомяк
1505,барсук
3185,бумеранг
30856,пончик
18496,мармелад
2936,брелок
9776,дрель
38532,сельдь
6751,гантель
776,антилопа
6949,гепард
7465,гонг
14814,кекс
18383,манго
45611,финик
521,алоэ
27383,пеликан
10185,енот
48594,юла
926,арахис
39017,скалка
43642,тунец
1568,батут
12539,зефир
28413,пипетка
45664,фламинго
15244,коала
14568,карта
44057,угол
23322,новый
41558,строитель
418,актер
39680,смех
23580,обед
47015,черный
44441,улыбка
5375,врач
40918,среда
42362,твердый
17691,лист
10643,забор
40614,спектакль
42613,теплый
4911,волна
31939,праздник
40156,солдат
6863,генерал
12482,зеленый
16174,короткий
10016,дышать
23186,низкий
41930,сухой
25740,острый
48743,яркий
6653,газ
12739,зуб
31185,порядок
15305,кожа
3252,бутылка
14552,карман
46539,царь
10044,дядя
1529,баскетбол
36724,режиссер
42566,тень
7957,груз
41128,старый
8228,двигать
28775,плыть
17000,купить
38717,серый
4903,волейбол
15243,князь
39643,смена
47435,шахматы
16005,концерт
10345,желтый
48728,январь
17367,лед
19996,музей
38281,связь
19593,мозг
38410,север
9096,длинный
898,апрель
27228,пастух
1258,аэропорт
42731,тетя
12423,звон
42272,танец
14349,канал
17740,лить
14192,кадр
10822,завтрак
16311,кость
48576,юг
19663,молоко
7907,громкий
35031,пятка
23404,носок
17851,лодка
16795,крутить
16915,кулак
2494,блеск
46977,чернила
3733,вера
8094,густой
29186,подвал
4629,водолаз
46104,хвост
47172,чистый
47508,шепот
39435,слеза
34318,простыня
34673,прятать
43594,трясти
46917,чемпион
27014,пар
41637,стук
14693,катить
3923,вешалка
38893,синий
35038,пятно
15854,конструктор
27193,паспорт
46210,хлопать
35177,радость
19094,метро
42930,толпа
18554,массаж
24058,обочина
31764,почта
28892,повар
7161,гладкий
37375,ружье
16124,коричневый
15513,ком
37930,сахар
45691,флот
10435,живот
48680,ядро
47985,щит
2984,бровь
44263,ужин
43674,турист
1601,башня
10456,жидкий
7530,горизонт
19156,мигать
20010,мука
9991,дым
7217,глоток
17148,лавка
46697,цех
30374,полиция
46341,хор
28386,пилот
34949,пыль
26659,офис
12714,зоопарк
28676,пленка
28666,племя
42107,сыпать
5071,ворота
14957,кипеть
7831,грести
8977,диск
37042,решетка
28749,плотник
29967,поза
14998,кислый
16739,крошка
25554,осколок
1554,батарея
41617,струя
15720,конверт
43628,туман
20001,музыка
43001,топать
26668,официант
30286,ползти
7127,гитара
38205,свист
34790,пузырь
42706,тесто
13396,имя
37369,руда
10003,дыра
4909,волк
47522,шерсть
33462,пробка
18727,мед
7369,голень
16891,кузнец
42349,таять
1448,барабан
2235,бетон
36753,резина
42838,тихий
35863,район
16261,косметика
20202,мять
3019,броня
8970,дирижер
23477,нырять
19670,молоток
45477,ферма
48718,яма
42558,теннис
47026,чертеж
33385,прическа
47578,шина
47955,щелчок
25336,оранжевый
42162,табличка
48517,этикетка
2719,болото
48560,эхо
20096,муха
44131,удача
12616,змея
15166,клоун
47586,шип
6699,галактика
46296,хоккей
23498,няня
34912,пушка
19949,мрамор
982,арка
2977,брить
34806,пульс
3089,бугор
18619,материк
37890,сарай
33369,причал
45628,фиолетовый
3009,бронза
28254,петля
17427,лен
18932,меню
46453,хруст
45718,фокусник
47733,шорох
40471,соус
36568,реактор
42243,талия
46331,холст
15316,коза
46879,чек
39458,слесарь
46110,хвоя
12795,игла
41010,стадо
6844,гель
6956,герб
742,антенна
2547,блондин
9715,дракон
31129,портной
27350,педаль
567,алюминий
37652,салют
39147,скобка
14790,квас
15532,комар
28454,писк
37558,рябь
17188,лазер
7775,гранит
38948,сироп
27298,паук
44804,урна
7116,гипс
28262,петрушка
17070,курьер
18702,маяк
39734,смородина
5096,воск
15681,компот
45406,фарш
38627,сера
24422,овес
19331,мираж
36899,рентген
19591,мозаика
2291,бильярд
37198,рожь
27418,пень
16702,крокодил
15948,конус
17394,лезвие
2522,блик
45652,фишка
2721,болт
46519,царапина
13229,изумруд
12882,иероглиф
15635,компас
446,акула
7439,гольф
18400,манекен
24415,овал
27092,парковка
47830,шторм
1155,атлет
17477,леска
3061,брюнет
28371,пикник
36909,репа
18410,маникюр
28608,платина
8665,десна
1653,бежевый
18450,марафон
28147,перламутр
34817,пунктир
17145,лавина
3190,бункер
10538,жонглер
17142,лава
18776,медуза
39221,скорпион
998,армия
47752,шпала
7478,гончар
34851,пустой
42762,течь
16624,крик
9365,долгий
30439,половина
19324,минута
42985,тонкий
9693,дочь
43759,тьма
18362,мама
31831,поэт
36547,рвать
35916,ранний
7608,горький
15616,комната
20143,мысль
30141,покой
37249,роман
46617,целый
26992,папа
44530,умный
47875,шум
44933,успех
38656,сердце
38220,свобода
11653,запах
9810,дрожать
47600,широкий
8394,дед
42699,тесный
47264,чудо
4426,власть
16280,космос
22696,нерв
42913,толкать
10413,жечь
31730,почерк
41509,стрелка
19041,метать
43409,трещина
42275,танк
39268,скрип
19846,морщина
35872,рак
17671,липкий
16111,корзина
18216,май
41626,студент
12455,здоровье
27425,пепел
3910,вечер
42867,тлеть
17134,лабиринт
309,адрес
44391,уксус
17920,лопух
37333,ртуть
47903,шутка
27191,пасмурный
44277,узкий
46618,цель
2511,близкий
11184,закат
39107,склад
36705,редкий
35121,радио
9413,доля
42204,тайна
42398,текст
17324,левый
13491,инженер
9580,доска
45430,февраль
39390,сладкий
23435,ноябрь
5668,вторник
2733,больница
46769,цифра
38744,сеть
43322,тренер
3887,ветка
45348,фамилия
30002,поздний
3308,быстрый
38498,секунда
19887,мотор
10397,жест
24939,октябрь
8445,декабрь
69,август
16670,кровать
43819,тяжелый
14124,июнь
41690,суббота
9145,добро
27086,парк
6889,гений
46855,частый
3355,вагон
28288,печать
12403,звено
38665,серебро
6854,ген
21174,насос
28556,планета
35035,пятница
5105,воскресенье
39673,сметана
4892,вокзал
39641,смелый
27200,пассажир
3381,вакцина
41306,стих
47063,четверг
37018,рецепт
7025,гигант
3128,буква
16573,кресло
38613,сентябрь
42196,тайга
4313,витамин
14122,июль
47936,щека
30471,полоса
1923,белка
24971,олень
19393,миф
37097,ритм
18521,маршрут
3872,весы
46451,хрупкий
1354,баланс
16616,кривой
14758,квадрат
122,автобус
15944,контур
7074,гимн
6752,гараж
15186,клюв
2688,бокс
2919,бревно
14456,капуста
48047,экзамен
23411,нота
7286,гнездо
19718,монета
38597,сено
36834,рекорд
48100,экран
9482,донор
1161,атом
17828,ловкость
3716,венок
48437,эра
6730,галстук
1970,бензин
17973,лужа
27120,пароль
47324,шаблон
14129,йога
18507,март
46035,хаос
5060,ворона
7995,грусть
31082,порог
14833,керамика
526,алфавит
17264,ласт
18704,маятник
37112,рифма
47529,шестеренка
