Dices,Word,Transliteration,Abbreviation,Numeric code
1111,абрикос,abrikos,abr,000
1112,август,avgust,avg,
1113,автобус,avtobus,avs,
1114,автомобиль,avtomobil,avt,001
1115,адрес,adres,adr,
1116,аист,aist,ast,002
1121,айсберг,aysberg,ays,003
1122,акваланг,akvalang,akn,004
1123,аквариум,akvarium,akv,005
1124,акробат,akrobat,akr,006
1125,актёр,aktyor,akt,007
1126,акула,akula,akl,
1131,алмаз,almaz,alm,008
1132,алоэ,aloe,alo,009
1133,алфавит,alfavit,alf,
1134,алюминий,alyuminiy,aln,
1135,амбар,ambar,amb,010
1136,ананас,ananas,ann,011
1141,ангар,angar,ang,012
1142,антенна,antenna,ant,
1143,антилопа,antilopa,anl,013
1144,апельсин,apelsin,apl,014
1145,апрель,aprel,apr,
1146,аптека,apteka,apt,015
1151,арахис,arahis,arh,016
1152,арбуз,arbuz,arb,017
1153,арка,arka,ark,
1154,армия,armiya,arm,
1155,асфальт,asfalt,asf,018
1156,атлет,atlet,atl,
1161,атом,atom,atm,
1162,аэропорт,aeroport,arp,019
1163,бабочка,babochka,bbc,020
1164,бабушка,babushka,bbs,021
1165,баклажан,baklazhan,bkz,022
1166,баланс,balans,bla,
1211,балкон,balkon,bal,023
1212,баллон,ballon,bll,024
1213,бамбук,bambuk,bmb,025
1214,банан,banan,bnn,026
1215,банк,bank,bnk,027
1216,бант,bant,bnt,028
1221,баня,banya,bny,029
1222,барабан,baraban,brb,030
1223,барсук,barsuk,brk,031
1224,бархат,barhat,brh,032
1225,баскетбол,basketbol,bsk,033
1226,бассейн,basseyn,bss,034
1231,батарея,batareya,btr,035
1232,батут,batut,btt,036
1233,башня,bashnya,bsh,037
1234,баян,bayan,ban,038
1235,бегемот,begemot,bgm,039
1236,бедро,bedro,bdr,040
1241,бежать,bezhat,bzh,041
1242,бежевый,bezhevyy,bzv,
1243,белка,belka,bel,
1244,белый,belyy,bly,042
1245,бензин,benzin,bnz,
1246,берег,bereg,brg,043
1251,берёза,beryoza,brz,044
1252,беседка,besedka,bsd,045
1253,бетон,beton,btn,046
1254,библиотека,biblioteka,bbl,047
1255,билет,bilet,ble,048
1256,бильярд,bilyard,blr,
1261,бинокль,binokl,bnl,049
1262,бинт,bint,bin,050
1263,бисер,biser,bsr,051
1264,блеск,blesk,bls,052
1265,близкий,blizkiy,blz,
1266,блик,blik,blk,
1311,блин,blin,bln,053
1312,блокнот,bloknot,blo,054
1313,блондин,blondin,bnd,
1314,блюдце,blyudtse,bld,055
1315,боб,bob,bob,056
1316,бобёр,bobyor,bbr,057
1321,бокал,bokal,bkl,058
1322,бокс,boks,bks,
1323,болото,boloto,bol,
1324,болт,bolt,blt,
1325,больница,bolnitsa,bli,
1326,большой,bolshoy,bso,059
1331,бордюр,bordyur,brr,060
1332,борода,boroda,brd,061
1333,ботинок,botinok,btk,062
1334,бочка,bochka,bch,063
1335,браслет,braslet,brs,064
1336,брат,brat,brt,065
1341,бревно,brevno,bre,
1342,брелок,brelok,brl,066
1343,брить,brit,bri,
1344,бровь,brov,brv,067
1345,бронза,bronza,bro,
1346,броня,bronya,brn,068
1351,брюнет,bryunet,bru,
1352,бугор,bugor,bgr,
1353,будка,budka,bdk,069
1354,буква,bukva,bkv,
1355,букет,buket,bkt,070
1356,булавка,bulavka,blv,071
1361,булочка,bulochka,blc,072
1362,бумага,bumaga,bmg,073
1363,бумеранг,bumerang,bmr,074
1364,бункер,bunker,bnr,
1365,бусы,busy,bsy,075
1366,бутерброд,buterbrod,btb,076
1411,бутон,buton,but,077
1412,бутылка,butylka,btl,078
1413,бухта,buhta,bht,079
1414,быстрый,bystryy,bst,
1415,вагон,vagon,vgn,
1416,ваза,vaza,vza,080
1421,вакцина,vaktsina,vkt,
1422,ванна,vanna,vnn,081
1423,варенье,varenye,vre,082
1424,вата,vata,vta,083
1425,вафля,vaflya,vfl,084
1426,ведро,vedro,vdr,085
1431,веер,veer,ver,086
1432,веко,veko,vko,087
1433,велосипед,velosiped,vlp,088
1434,венок,venok,vno,
1435,вентилятор,ventilyator,vnt,089
1436,вера,vera,vra,090
1441,верблюд,verblyud,vrd,091
1442,верёвка,veryovka,vrv,092
1443,вертолёт,vertolyot,vrl,093
1444,весло,veslo,vsl,094
1445,весна,vesna,vsn,095
1446,весы,vesy,vsy,
1451,ветер,veter,vtr,096
1452,ветка,vetka,vtk,
1453,вечер,vecher,vch,
1454,вешалка,veshalka,vsh,097
1455,видеть,videt,vdt,098
1456,вилка,vilka,vla,099
1461,виноград,vinograd,vng,100
1462,висок,visok,vso,101
1463,витамин,vitamin,vtm,
1464,витрина,vitrina,vtn,102
1465,вихрь,vihr,vhr,103
1466,вишня,vishnya,vsa,104
1511,власть,vlast,vlt,
1512,внук,vnuk,vnk,105
1513,вода,voda,vda,106
1514,водолаз,vodolaz,vdl,107
1515,водопад,vodopad,vdp,108
1516,водоросль,vodorosl,vds,109
1521,воздух,vozduh,vzd,110
1522,вокзал,vokzal,vkz,
1523,волейбол,voleybol,vly,111
1524,волк,volk,vlk,112
1525,волна,volna,vln,113
1526,волос,volos,vls,114
1531,вопрос,vopros,vpr,115
1532,воробей,vorobey,vrb,116
1533,ворона,vorona,vrn,
1534,воронка,voronka,vrk,117
1535,ворота,vorota,vrt,118
1536,воск,vosk,vsk,
1541,воскресенье,voskresenye,vsr,
1542,восток,vostok,vst,119
1543,врач,vrach,vrc,120
1544,вспышка,vspyshka,vsp,121
1545,вторник,vtornik,vto,
1546,вулкан,vulkan,vul,122
1551,вывеска,vyveska,vvs,123
1552,высокий,vysokiy,vsi,124
1553,газ,gaz,gaz,125
1554,газета,gazeta,gzt,126
1555,газон,gazon,gzn,127
1556,гайка,gayka,gyk,128
1561,галактика,galaktika,glk,
1562,галоша,galosha,glh,129
1563,галстук,galstuk,gtk,
1564,гамак,gamak,gmk,130
1565,гантель,gantel,gnt,131
1566,гараж,garazh,gzh,
1611,гвоздь,gvozd,gvz,132
1612,гель,gel,gel,
1613,ген,gen,gen,
1614,генерал,general,gnr,133
1615,гений,geniy,gny,
1616,гепард,gepard,gpr,134
1621,герб,gerb,grb,
1622,гигант,gigant,ggn,
1623,гимн,gimn,gmn,
1624,гипс,gips,gps,
1625,гирлянда,girlyanda,gnd,135
1626,гиря,girya,gry,136
1631,гитара,gitara,gtr,137
1632,гладкий,gladkiy,gld,138
1633,глаз,glaz,glz,139
1634,глина,glina,gln,140
1635,глобус,globus,glo,141
1636,глоток,glotok,glt,142
1641,глубокий,glubokiy,glu,143
1642,глыба,glyba,gly,144
1643,гнездо,gnezdo,gnz,
1644,гном,gnom,gnm,145
1645,говорить,govorit,gvr,146
1646,год,god,god,147
1651,голень,golen,gle,148
1652,голова,golova,glv,149
1653,голос,golos,gls,150
1654,голубь,golub,glb,151
1655,гольф,golf,glf,
1656,гонг,gong,gng,152
1661,гончар,gonchar,gnc,
1662,гора,gora,gra,153
1663,горизонт,gorizont,giz,154
1664,горло,gorlo,grl,155
1665,город,gorod,gro,156
1666,горох,goroh,grh,157
2111,горсть,gorst,grt,158
2112,горшок,gorshok,gsk,159
2113,горький,gorkiy,grk,
2114,горячий,goryachiy,gcy,160
2115,гость,gost,gst,161
2116,грабли,grabli,gbl,162
2121,гранат,granat,grn,163
2122,гранит,granit,gni,
2123,грести,gresti,gre,164
2124,гречка,grechka,grc,165
2125,гриб,grib,gri,166
2126,грива,griva,grv,167
2131,гроздь,grozd,gzd,168
2132,громкий,gromkiy,grm,169
2133,грудь,grud,grd,170
2134,груз,gruz,grz,171
2135,грусть,grust,grs,
2136,груша,grusha,gsa,172
2141,грядка,gryadka,gdk,173
2142,губа,guba,gba,174
2143,гусеница,gusenitsa,gsn,175
2144,густой,gustoy,gsy,176
2145,гусь,gus,gus,177
2146,далёкий,dalyokiy,dlk,178
2151,дамба,damba,dmb,179
2152,дверь,dver,dve,180
2153,двигать,dvigat,dvg,181
2154,двор,dvor,dvr,182
2155,девочка,devochka,dvc,183
2156,дед,ded,ded,
2161,декабрь,dekabr,dkb,
2162,дельфин,delfin,dlf,184
2163,день,den,den,185
2164,деревня,derevnya,drn,186
2165,десна,desna,dsn,
2166,джунгли,dzhungli,dzn,187
2211,диван,divan,dvn,188
2212,динозавр,dinozavr,dnz,189
2213,дирижёр,dirizhyor,drr,190
2214,диск,disk,dsk,191
2215,длинный,dlinnyy,dli,192
2216,дно,dno,dno,193
2221,добро,dobro,dbr,
2222,дождь,dozhd,dzh,194
2223,долгий,dolgiy,dlg,
2224,долина,dolina,dln,195
2225,доля,dolya,dla,
2226,дом,dom,dom,196
2231,домино,domino,dmn,197
2232,донор,donor,dnr,
2233,дорога,doroga,dro,198
2234,доска,doska,dsa,
2235,дочь,doch,dch,
2236,дракон,drakon,drk,
2241,дрель,drel,drl,199
2242,дрова,drova,drv,200
2243,дрожать,drozhat,drz,
2244,друг,drug,drg,201
2245,дуб,dub,dub,202
2246,дуга,duga,dga,203
2251,дупло,duplo,dpl,204
2252,духи,duhi,dhi,205
2253,душ,dush,dsh,206
2254,дым,dym,dym,207
2255,дыня,dynya,dny,208
2256,дыра,dyra,dra,209
2261,дышать,dyshat,dst,210
2262,дюна,dyuna,dna,211
2263,дядя,dyadya,ddy,212
2264,дятел,dyatel,dtl,213
2265,ёж,yozh,yzh,214
2266,ёлка,yolka,ylk,215
2311,енот,enot,ent,216
2312,ехать,ehat,eht,217
2313,жабра,zhabra,zhb,218
2314,железо,zhelezo,zhe,219
2315,жёлтый,zhyoltyy,zhy,220
2316,жемчуг,zhemchug,zhm,221
2321,жена,zhena,zhn,222
2322,жест,zhest,zhs,
2323,жетон,zheton,zht,223
2324,жечь,zhech,zhc,
2325,живот,zhivot,zhv,224
2326,жидкий,zhidkiy,zhd,225
2331,жизнь,zhizn,zhz,226
2332,жилет,zhilet,zhl,227
2333,жираф,zhiraf,zhr,228
2334,жонглёр,zhonglyor,zng,
2335,жук,zhuk,zhk,229
2336,журнал,zhurnal,zhu,230
2341,забор,zabor,zbr,231
2342,забота,zabota,zbt,232
2343,завод,zavod,zvd,233
2344,завтрак,zavtrak,zvt,234
2345,закат,zakat,zkt,
2346,закон,zakon,zkn,235
2351,зал,zal,zal,236
2352,замок,zamok,zmk,237
2353,запад,zapad,zpd,238
2354,запах,zapah,zph,
2355,затылок,zatylok,ztl,239
2356,заяц,zayats,zts,240
2361,звезда,zvezda,zvz,241
2362,звено,zveno,zve,
2363,звон,zvon,zvn,242
2364,здоровье,zdorovye,zdr,
2365,зебра,zebra,zba,243
2366,зелёный,zelyonyy,zln,244
2411,земля,zemlya,zml,245
2412,зеркало,zerkalo,zrk,246
2413,зерно,zerno,zrn,247
2414,зефир,zefir,zfr,248
2415,зима,zima,zma,249
2416,змея,zmeya,zme,
2421,знак,znak,znk,250
2422,золото,zoloto,zlt,251
2423,зонт,zont,znt,252
2424,зоопарк,zoopark,zpr,253
2425,зуб,zub,zub,254
2426,ива,iva,iva,255
2431,игла,igla,igl,
2432,идти,idti,idt,256
2433,иероглиф,ieroglif,irg,
2434,изумруд,izumrud,izr,
2435,изюм,izyum,izm,257
2436,икра,ikra,ikr,258
2441,имя,imya,imy,259
2442,индейка,indeyka,ind,260
2443,иней,iney,iny,261
2444,инженер,inzhener,inz,
2445,институт,institut,ins,262
2446,искра,iskra,isk,263
2451,июль,iyul,iyl,
2452,июнь,iyun,iyn,
2453,йога,yoga,yga,
2454,йогурт,yogurt,ygr,264
2455,кабан,kaban,kbn,265
2456,кабачок,kabachok,kbc,266
2461,кабинет,kabinet,kbt,267
2462,каблук,kabluk,kbl,268
2463,кадр,kadr,kdr,269
2464,кактус,kaktus,kkt,270
2465,календарь,kalendar,knd,271
2466,камень,kamen,kmn,272
2511,камин,kamin,kmi,273
2512,камыш,kamysh,kms,274
2513,канал,kanal,knl,275
2514,канарейка,kanareyka,knr,276
2515,канат,kanat,knt,277
2516,канистра,kanistra,kni,278
2521,капля,kaplya,kap,279
2522,капот,kapot,kpt,280
2523,капуста,kapusta,kps,
2524,капюшон,kapyushon,kpn,281
2525,караван,karavan,kvn,282
2526,карандаш,karandash,kds,283
2531,карман,karman,kar,284
2532,карнавал,karnaval,kvl,285
2533,карта,karta,kta,286
2534,картофель,kartofel,krf,287
2535,карусель,karusel,kse,288
2536,карьер,karyer,krr,289
2541,каска,kaska,ksk,290
2542,касса,kassa,kss,291
2543,кастрюля,kastryulya,ksy,292
2544,катер,kater,ktr,293
2545,катить,katit,ktt,294
2546,катушка,katushka,kts,295
2551,качели,kacheli,kch,296
2552,каша,kasha,ksh,297
2553,каштан,kashtan,ktn,298
2554,квадрат,kvadrat,kvd,
2555,квартира,kvartira,kva,299
2556,квас,kvas,kvs,
2561,кекс,keks,kks,300
2562,кенгуру,kenguru,kgr,301
2563,кепка,kepka,kpk,302
2564,керамика,keramika,kmk,
2565,кефир,kefir,kfr,303
2566,кипеть,kipet,kpe,304
2611,кирпич,kirpich,krp,305
2612,кислый,kislyy,ksl,306
2613,кисть,kist,kis,307
2614,кит,kit,kit,308
2615,клавиша,klavisha,kli,309
2616,клевер,klever,klr,310
2621,клей,kley,kly,311
2622,клён,klyon,klo,312
2623,клетка,kletka,klt,313
2624,клин,klin,kln,314
2625,клоун,kloun,klu,
2626,клубника,klubnika,knk,315
2631,клумба,klumba,klm,316
2632,клюв,klyuv,klv,
2633,клюква,klyukva,kkv,317
2634,ключ,klyuch,klc,318
2635,клюшка,klyushka,kyu,319
2636,книга,kniga,kng,320
2641,кнопка,knopka,knp,321
2642,князь,knyaz,knz,322
2643,коала,koala,kla,323
2644,ковёр,kovyor,kvr,324
2645,ковш,kovsh,kov,325
2646,кожа,kozha,kzh,326
2651,коза,koza,kza,
2652,кокон,kokon,kkn,327
2653,кокос,kokos,kko,328
2654,колбаса,kolbasa,klb,329
2655,колено,koleno,kle,330
2656,колесо,koleso,kso,331
2661,колодец,kolodets,kld,332
2662,колокол,kolokol,kol,333
2663,колос,kolos,kls,334
2664,колпак,kolpak,klp,335
2665,колыбель,kolybel,kbe,336
2666,кольцо,koltso,kto,337
3111,коляска,kolyaska,kya,338
3112,ком,kom,kom,339
3113,комар,komar,kmr,
3114,комета,kometa,kmt,340
3115,комната,komnata,kma,
3116,компас,kompas,kmp,
3121,компот,kompot,kmo,
3122,компьютер,kompyuter,kmu,341
3123,конверт,konvert,knv,342
3124,конец,konets,kne,343
3125,конструктор,konstruktor,kon,344
3126,контур,kontur,knu,
3131,конус,konus,kns,
3132,конфета,konfeta,knf,345
3133,концерт,kontsert,kte,346
3134,копать,kopat,kpa,347
3135,копилка,kopilka,kpi,348
3136,копыто,kopyto,kyt,349
3141,копьё,kopyo,kpy,350
3142,кора,kora,kra,351
3143,корабль,korabl,kob,352
3144,коралл,korall,kll,353
3145,корень,koren,kor,354
3146,корзина,korzina,krz,
3151,коридор,koridor,krd,355
3152,корица,koritsa,koi,356
3153,коричневый,korichnevyy,krc,357
3154,коробка,korobka,kbk,358
3155,корова,korova,krv,359
3156,корона,korona,kna,360
3161,короткий,korotkiy,kky,361
3162,коса,kosa,ksa,362
3163,косметика,kosmetika,kme,363
3164,космос,kosmos,ksm,
3165,костёр,kostyor,ksr,364
3166,кость,kost,kst,365
3211,костюм,kostyum,ktm,366
3212,котёл,kotyol,ktl,367
3213,котлета,kotleta,kot,368
3214,кофе,kofe,kfe,369
3215,кошелёк,koshelyok,kok,370
3216,кошка,koshka,kos,371
3221,краб,krab,krb,372
3222,кран,kran,krn,373
3223,краска,kraska,kka,374
3224,красный,krasnyy,ksn,375
3225,кратер,krater,kat,376
3226,креветка,krevetka,kvk,377
3231,крем,krem,krm,378
3232,кресло,kreslo,kre,
3233,крест,krest,krs,379
3234,кривой,krivoy,kvy,
3235,крик,krik,krk,
3236,кристалл,kristall,kri,380
3241,кровать,krovat,kvt,
3242,крокодил,krokodil,kkd,
3243,кроссовок,krossovok,ksv,381
3244,крот,krot,krt,382
3245,крошка,kroshka,kro,383
3246,круг,krug,krg,384
3251,крутить,krutit,kut,385
3252,крыло,krylo,krl,386
3253,крыша,krysha,kry,387
3254,крюк,kryuk,kru,388
3255,куб,kub,kub,389
3256,кувшин,kuvshin,kuv,390
3261,кудри,kudri,kdi,391
3262,кузнец,kuznets,kzn,392
3263,кукла,kukla,kkl,393
3264,кукуруза,kukuruza,kkr,394
3265,кукушка,kukushka,kkk,395
3266,кулак,kulak,klk,396
3311,купить,kupit,kup,397
3312,купол,kupol,kpl,398
3313,купюра,kupyura,kpr,399
3314,курица,kuritsa,kur,400
3315,куртка,kurtka,ktk,401
3316,курьер,kuryer,ker,
3321,кусок,kusok,kuk,402
3322,куст,kust,kus,403
3323,кухня,kuhnya,khn,404
3324,лабиринт,labirint,lbr,
3325,лава,lava,lva,
3326,лавина,lavina,lvn,
3331,лавка,lavka,lvk,405
3332,лагерь,lager,lgr,406
3333,ладонь,ladon,ldn,407
3334,лазер,lazer,lzr,
3335,лампа,lampa,lmp,408
3336,ландыш,landysh,lnd,409
3341,лапша,lapsha,lps,410
3342,ласт,last,lst,
3343,ласточка,lastochka,lsc,411
3344,лебедь,lebed,lbd,412
3345,лев,lev,lev,413
3346,левый,levyy,lvy,
3351,лёгкий,lyogkiy,lgk,414
3352,лёд,lyod,lyd,415
3353,лежать,lezhat,lzt,416
3354,лезвие,lezvie,lzv,
3355,лён,lyon,lyn,
3356,ленивец,lenivets,lnv,417
3361,лента,lenta,lnt,418
3362,лепесток,lepestok,lpe,419
3363,лепёшка,lepyoshka,lpy,420
3364,леска,leska,lsk,
3365,лестница,lestnitsa,lsn,421
3366,лететь,letet,ltt,422
3411,лето,leto,lto,423
3412,лиана,liana,lia,424
3413,лилия,liliya,lli,425
3414,лимон,limon,lmn,426
3415,линейка,lineyka,lny,427
3416,линза,linza,lnz,428
3421,липкий,lipkiy,lpk,
3422,лиса,lisa,lsa,429
3423,лист,list,lis,430
3424,лить,lit,lit,431
3425,лифт,lift,lft,432
3426,лицо,litso,lts,433
3431,лоб,lob,lob,434
3432,ловкость,lovkost,lvs,
3433,лодка,lodka,ldk,435
3434,ложка,lozhka,lzk,436
3435,локоть,lokot,lkt,437
3436,лом,lom,lom,438
3441,лопасть,lopast,lop,439
3442,лопата,lopata,lpt,440
3443,лопух,lopuh,lph,
3444,лоскут,loskut,lsu,441
3445,лосось,losos,lss,442
3446,лось,los,los,443
3451,лотос,lotos,lot,444
3452,лошадь,loshad,lsh,445
3453,лужа,luzha,lzh,
3454,луна,luna,lna,446
3455,лупа,lupa,lpa,447
3456,луч,luch,lch,448
3461,лыжа,lyzha,lyz,449
3462,любовь,lyubov,lbv,450
3463,люк,lyuk,lyk,451
3464,люстра,lyustra,lsr,452
3465,лягушка,lyagushka,lgs,453
3466,лямка,lyamka,lmk,454
3511,магазин,magazin,mgz,455
3512,магнит,magnit,mgn,456
3513,мазь,maz,maz,457
3514,май,may,may,
3515,мак,mak,mak,458
3516,малина,malina,mln,459
3521,мальчик,malchik,mlc,460
3522,мама,mama,mma,
3523,мамонт,mamont,mmn,461
3524,манго,mango,mng,462
3525,мандарин,mandarin,mnr,463
3526,манекен,maneken,mnk,
3531,маникюр,manikyur,mnu,
3532,марафон,marafon,mrf,
3533,мармелад,marmelad,mrl,464
3534,март,mart,mrt,
3535,маршрут,marshrut,mrs,
3536,маска,maska,msk,465
3541,масло,maslo,mas,466
3542,массаж,massazh,mss,467
3543,материк,materik,mtk,
3544,матрас,matras,mts,468
3545,мачта,machta,mct,469
3546,маяк,mayak,myk,
3551,маятник,mayatnik,mtn,
3552,мёд,myod,myd,470
3553,медаль,medal,mdl,471
3554,медведь,medved,mdv,472
3555,медуза,meduza,mdz,
3556,мел,mel,mel,473
3561,мельница,melnitsa,mli,474
3562,меню,menyu,mny,
3563,метать,metat,mtt,
3564,метеорит,meteorit,mte,475
3565,метла,metla,mtl,476
3566,метро,metro,mtr,477
3611,мех,meh,meh,478
3612,меч,mech,mch,479
3613,мечта,mechta,mec,480
3614,мешок,meshok,mes,481
3615,мигать,migat,mgt,482
3616,микроскоп,mikroskop,mks,483
3621,микрофон,mikrofon,mkf,484
3622,миндаль,mindal,mnd,485
3623,минута,minuta,mnt,
3624,мир,mir,mir,486
3625,мираж,mirazh,mra,
3626,миска,miska,mis,487
3631,миф,mif,mif,
3632,мозаика,mozaika,mzi,
3633,мозг,mozg,mzg,488
3634,мокрый,mokryy,mkr,489
3635,молния,molniya,mly,490
3636,молоко,moloko,mlk,491
3641,молоток,molotok,mlt,
3642,монета,moneta,mne,
3643,море,more,mre,492
3644,морж,morzh,mrz,493
3645,морковь,morkov,mrk,494
3646,мороженое,morozhenoe,mro,495
3651,морщина,morshchina,mrn,
3652,мост,most,mst,496
3653,мотор,motor,mot,
3654,мотоцикл,mototsikl,mkl,497
3655,мох,moh,moh,498
3656,мочалка,mochalka,mcl,499
3661,мрамор,mramor,mrm,
3662,муж,muzh,mzh,500
3663,музей,muzey,mzy,501
3664,музыка,muzyka,mzk,502
3665,мука,muka,mka,503
3666,муравей,muravey,mrv,504
4111,мускул,muskul,mus,505
4112,муха,muha,mha,
4113,мыло,mylo,mlo,506
4114,мысль,mysl,msl,
4115,мышь,mysh,msh,507
4116,мягкий,myagkiy,mgk,508
4121,мясо,myaso,mso,509
4122,мята,myata,mta,510
4123,мять,myat,myt,
4124,мяч,myach,myc,511
4125,надежда,nadezhda,ndz,512
4126,народ,narod,nrd,513
4131,насос,nasos,nss,
4132,начало,nachalo,ncl,514
4133,небо,nebo,nbo,515
4134,невеста,nevesta,nvs,516
4135,неделя,nedelya,ndl,517
4136,нерв,nerv,nrv,
4141,нефть,neft,nft,518
4142,низкий,nizkiy,nzk,519
4143,нить,nit,nit,520
4144,новый,novyy,nvy,521
4145,нога,noga,nga,522
4146,ноготь,nogot,ngt,523
4151,нож,nozh,nzh,524
4152,нора,nora,nra,525
4153,нос,nos,nos,526
4154,носок,nosok,nsk,527
4155,носорог,nosorog,nsr,528
4156,нота,nota,nta,
4161,ночь,noch,nch,529
4162,ноябрь,noyabr,nbr,
4163,нырять,nyryat,nrt,530
4164,няня,nyanya,nny,
4165,оазис,oazis,ozs,531
4166,обед,obed,obd,532
4211,обезьяна,obezyana,obz,533
4212,облако,oblako,obl,534
4213,обнимать,obnimat,obn,535
4214,обочина,obochina,obc,536
4215,овал,oval,ovl,
4216,овёс,ovyos,ovs,
4221,овраг,ovrag,ovr,537
4222,овца,ovtsa,ovt,538
4223,огонь,ogon,ogn,539
4224,огурец,ogurets,ogr,540
4225,одеяло,odeyalo,odl,541
4226,одуванчик,oduvanchik,odv,542
4231,озеро,ozero,ozr,543
4232,океан,okean,oke,544
4233,окно,okno,okn,545
4234,октябрь,oktyabr,okt,
4235,окунь,okun,oku,546
4236,олень,olen,oln,
4241,олива,oliva,olv,547
4242,оранжевый,oranzhevyy,orn,
4243,орёл,oryol,orl,548
4244,орхидея,orhideya,orh,549
4245,осёл,osyol,osl,550
4246,осень,osen,osn,551
4251,осколок,oskolok,osk,552
4252,остров,ostrov,ost,553
4253,острый,ostryy,osy,554
4254,осьминог,osminog,osm,555
4255,отвёртка,otvyortka,otv,556
4256,отель,otel,otl,557
4261,офис,ofis,ofs,558
4262,офицер,ofitser,oft,559
4263,официант,ofitsiant,ofn,560
4264,охота,ohota,oht,561
4265,очки,ochki,och,562
4266,павлин,pavlin,pvl,563
4311,пакет,paket,pkt,564
4312,палатка,palatka,pat,565
4313,палец,palets,pal,566
4314,палитра,palitra,pra,567
4315,пальма,palma,plm,568
4316,пальто,palto,pao,569
4321,пантера,pantera,pnt,570
4322,панцирь,pantsir,pnr,571
4323,папа,papa,ppa,
4324,папоротник,paporotnik,ppr,572
4325,пар,par,par,573
4326,парашют,parashyut,psu,574
4331,парик,parik,pik,575
4332,парк,park,prk,
4333,парковка,parkovka,pkv,
4334,пароль,parol,prl,
4335,паром,parom,prm,576
4336,парус,parus,pru,577
4341,пасмурный,pasmurnyy,psm,
4342,паспорт,pasport,psp,578
4343,пассажир,passazhir,pss,
4344,пастух,pastuh,pth,579
4345,паук,pauk,pak,
4346,паяльник,payalnik,pay,580
4351,педаль,pedal,pdl,
4352,пеликан,pelikan,pel,581
4353,пельмень,pelmen,pmn,582
4354,пена,pena,pna,583
4355,пень,pen,pen,
4356,пепел,pepel,ppl,
4361,переулок,pereulok,peu,584
4362,перец,perets,per,585
4363,перламутр,perlamutr,pmr,
4364,перо,pero,pro,586
4365,персик,persik,psi,587
4366,перчатка,perchatka,pec,588
4411,песок,pesok,pes,589
4412,петля,petlya,ptl,
4413,петрушка,petrushka,ptr,
4414,петь,pet,pet,590
4415,печать,pechat,pca,
4416,печень,pechen,pcn,591
4421,печь,pech,pch,592
4422,пещера,peshchera,psr,593
4423,пиджак,pidzhak,pdz,594
4424,пижама,pizhama,pzh,595
4425,пикник,piknik,pkn,
4426,пила,pila,pla,596
4431,пилот,pilot,pil,597
4432,пингвин,pingvin,png,598
4433,пипетка,pipetka,ppt,599
4434,пирамида,piramida,pir,600
4435,пирог,pirog,prg,601
4436,писать,pisat,pst,602
4441,писк,pisk,psk,
4442,пить,pit,pit,603
4443,пицца,pitstsa,pts,604
4444,плакат,plakat,pka,605
4445,планета,planeta,pne,
4446,пластик,plastik,pti,606
4451,платина,platina,pin,
4452,платье,platye,pty,607
4453,плащ,plashch,psc,608
4454,племя,plemya,pma,609
4455,плёнка,plyonka,plo,610
4456,плечо,plecho,plc,611
4461,плита,plita,pta,612
4462,плот,plot,plt,613
4463,плотник,plotnik,pni,614
4464,площадь,ploshchad,psd,615
4465,плыть,plyt,ply,616
4466,пляж,plyazh,plz,617
4511,победа,pobeda,pbd,618
4512,повар,povar,pvr,619
4513,поворот,povorot,pvt,620
4514,погода,pogoda,pgd,621
4515,подарок,podarok,pdr,622
4516,подвал,podval,pdv,623
4521,подкова,podkova,pdk,624
4522,поднос,podnos,pdn,625
4523,подсолнух,podsolnuh,pdh,626
4524,подушка,podushka,pds,627
4525,поезд,poezd,pzd,628
4526,поза,poza,pza,629
4531,поздний,pozdniy,pzn,
4532,покой,pokoy,pky,
4533,пол,pol,pol,630
4534,поле,pole,ple,631
4535,ползти,polzti,pzt,632
4536,полиция,politsiya,pli,633
4541,полка,polka,plk,634
4542,полный,polnyy,pln,635
4543,половина,polovina,plv,
4544,полоса,polosa,psa,
4545,полотенце,polotentse,pte,636
4546,помада,pomada,pmd,637
4551,понедельник,ponedelnik,pnd,
4552,пончик,ponchik,pnc,638
4553,попугай,popugay,ppg,639
4554,порог,porog,por,
4555,порошок,poroshok,pso,640
4556,порт,port,prt,641
4561,портной,portnoy,pny,
4562,порядок,poryadok,pdo,642
4563,посёлок,posyolok,psl,643
4564,потолок,potolok,pto,644
4565,почерк,pocherk,pcr,
4566,почка,pochka,pck,645
4611,почта,pochta,pct,646
4612,поэт,poet,pot,
4613,правый,pravyy,prv,647
4614,праздник,prazdnik,pzk,648
4615,пресс,press,prs,649
4616,принтер,printer,pri,650
4621,принц,prints,prn,651
4622,природа,priroda,prr,652
4623,прицеп,pritsep,ptp,653
4624,причал,prichal,prc,
4625,причёска,prichyoska,pcs,
4626,прищепка,prishchepka,pse,654
4631,пробирка,probirka,pbr,655
4632,пробка,probka,prb,656
4633,прозрачный,prozrachnyy,pzc,657
4634,простыня,prostynya,pyn,658
4635,пружина,pruzhina,prz,659
4636,прыгать,prygat,pgt,660
4641,прядь,pryad,prd,661
4642,прямой,pryamoy,pmy,662
4643,пряник,pryanik,pry,663
4644,прятать,pryatat,ptt,664
4645,пуговица,pugovitsa,pgv,665
4646,пузырь,puzyr,pzr,666
4651,пульс,puls,pls,
4652,пульт,pult,pul,667
4653,пунктир,punktir,pnk,
4654,пупок,pupok,ppk,668
4655,пустой,pustoy,psy,
4656,пух,puh,puh,669
4661,пушка,pushka,psh,
4662,пчела,pchela,pcl,670
4663,пшеница,pshenitsa,psn,671
4664,пылесос,pylesos,pys,672
4665,пыль,pyl,pyl,673
4666,пюре,pyure,pre,674
5111,пятка,pyatka,ptk,675
5112,пятница,pyatnitsa,pya,
5113,пятно,pyatno,ptn,676
5114,работа,rabota,rba,677
5115,радио,radio,rdi,
5116,радость,radost,rdt,678
5121,радуга,raduga,rdg,679
5122,район,rayon,ryn,680
5123,рак,rak,rak,
5124,ракета,raketa,rkt,681
5125,раковина,rakovina,rkv,682
5126,рамка,ramka,rmk,683
5131,ранний,ranniy,rnn,
5132,рассказ,rasskaz,rss,684
5133,расчёска,raschyoska,rsc,685
5134,рвать,rvat,rvt,
5135,реактор,reaktor,rea,
5136,ребро,rebro,rbr,686
5141,редис,redis,rds,687
5142,редкий,redkiy,rdk,
5143,режиссёр,rezhissyor,rzs,688
5144,резина,rezina,rzn,689
5145,река,reka,rka,690
5146,рекорд,rekord,rkr,
5151,рельс,rels,rls,691
5152,ремень,remen,rmn,692
5153,рентген,rentgen,rnt,
5154,репа,repa,rpa,
5155,ресница,resnitsa,res,693
5156,ресторан,restoran,rst,694
5161,рецепт,retsept,rtp,
5162,решётка,reshyotka,rsh,695
5163,рис,ris,ris,696
5164,рисунок,risunok,rsn,697
5165,ритм,ritm,rtm,
5166,рифма,rifma,rfm,
5211,робот,robot,rbt,698
5212,ровный,rovnyy,rvn,699
5213,рог,rog,rog,700
5214,рожь,rozh,rzh,
5215,роза,roza,rza,701
5216,рой,roy,roy,702
5221,роман,roman,rma,
5222,ромашка,romashka,rms,703
5223,ромб,romb,rmb,704
5224,рот,rot,rot,705
5225,рояль,royal,rol,706
5226,ртуть,rtut,rtt,
5231,рубашка,rubashka,rbs,707
5232,рубин,rubin,rbn,708
5233,руда,ruda,rda,709
5234,ружьё,ruzhyo,rzy,710
5235,рука,ruka,ruk,711
5236,рулон,rulon,rln,712
5241,руль,rul,rul,713
5242,русалка,rusalka,rsl,714
5243,ручей,ruchey,rch,715
5244,рынок,rynok,rnk,716
5245,рысь,rys,rys,717
5246,рыцарь,rytsar,rts,718
5251,рычаг,rychag,rcg,719
5252,рюкзак,ryukzak,rkz,720
5253,рябь,ryab,ryb,
5254,сад,sad,sad,721
5255,саксофон,saksofon,sks,722
5256,салат,salat,slt,723
5261,салфетка,salfetka,slf,724
5262,салют,salyut,slu,
5263,самокат,samokat,sat,725
5264,самолёт,samolyot,sam,726
5265,сандалия,sandaliya,snl,727
5266,сани,sani,sni,728
5311,сапог,sapog,spg,729
5312,сарай,saray,sry,
5313,сахар,sahar,sah,730
5314,свёкла,svyokla,svk,731
5315,свет,svet,svt,732
5316,светофор,svetofor,svf,733
5321,свеча,svecha,svc,734
5322,свист,svist,svs,735
5323,свитер,sviter,svi,736
5324,свиток,svitok,svo,737
5325,свобода,svoboda,svb,
5326,связь,svyaz,svz,738
5331,север,sever,svr,739
5332,седло,sedlo,sdl,740
5333,сейф,seyf,syf,741
5334,секунда,sekunda,skn,
5335,сельдь,seld,sel,742
5336,семечко,semechko,smc,743
5341,семья,semya,smy,744
5342,сено,seno,sno,
5343,сентябрь,sentyabr,snt,
5344,сера,sera,sra,
5345,сердце,serdtse,sds,
5346,серебро,serebro,srb,
5351,серый,seryy,ser,745
5352,серьга,serga,srg,746
5353,сестра,sestra,sst,747
5354,сеть,set,set,
5355,сидеть,sidet,sdt,748
5356,сила,sila,sla,749
5361,синий,siniy,sny,750
5362,сирень,siren,srn,751
5363,сироп,sirop,srp,
5364,сито,sito,sto,752
5365,скала,skala,skl,753
5366,скалка,skalka,skk,754
5411,скатерть,skatert,skt,755
5412,склад,sklad,skd,
5413,скобка,skobka,skb,
5414,сковорода,skovoroda,skv,756
5415,скорлупа,skorlupa,sku,757
5416,скорпион,skorpion,ski,
5421,скрепка,skrepka,ske,758
5422,скрип,skrip,skr,
5423,сладкий,sladkiy,sdk,
5424,след,sled,sld,759
5425,слеза,sleza,slz,760
5426,слесарь,slesar,sls,
5431,слива,sliva,slv,761
5432,слово,slovo,slo,762
5433,слой,sloy,sly,763
5434,слон,slon,sln,764
5435,слышать,slyshat,sys,765
5436,смелый,smelyy,sme,
5441,смена,smena,smn,766
5442,сметана,smetana,smt,
5443,смех,smeh,smh,767
5444,смола,smola,sml,768
5445,смородина,smorodina,smr,
5446,снег,sneg,sng,769
5451,собака,sobaka,sbk,770
5452,сова,sova,sva,771
5453,сок,sok,sok,772
5454,сокол,sokol,sko,773
5455,солдат,soldat,sod,774
5456,солнце,solntse,son,775
5461,соловей,solovey,svy,776
5462,солома,soloma,slm,777
5463,соль,sol,sol,778
5464,сом,som,som,779
5465,сорока,soroka,srk,780
5466,сосед,sosed,ssd,781
5511,сосна,sosna,ssn,782
5512,сота,sota,sta,783
5513,соус,sous,sos,
5514,спать,spat,spt,784
5515,спектакль,spektakl,spk,785
5516,спина,spina,spn,786
5521,спираль,spiral,spr,787
5522,спичка,spichka,spc,788
5523,среда,sreda,srd,
5524,стадион,stadion,sdn,789
5525,стадо,stado,std,
5526,стакан,stakan,ska,790
5531,старый,staryy,sty,791
5532,статуя,statuya,sau,792
5533,ствол,stvol,stv,793
5534,стебель,stebel,stb,794
5535,стекло,steklo,ste,795
5536,стена,stena,stn,796
5541,степь,step,stp,797
5542,стих,stih,sth,
5543,стол,stol,stl,798
5544,столб,stolb,slb,799
5545,стопа,stopa,spa,800
5546,сторож,storozh,stz,801
5551,стоять,stoyat,stt,802
5552,страна,strana,str,803
5553,страус,straus,sus,804
5554,стрекоза,strekoza,skz,805
5555,стрелка,strelka,srl,
5556,строитель,stroitel,sro,806
5561,струна,struna,sun,807
5562,струя,struya,suy,808
5563,студент,student,sud,
5564,стук,stuk,stk,809
5565,стул,stul,stu,810
5566,ступень,stupen,spe,811
5611,суббота,subbota,sbb,
5612,сугроб,sugrob,sgr,812
5613,судья,sudya,sdy,813
5614,сумка,sumka,smk,814
5615,сундук,sunduk,snd,815
5616,суп,sup,sup,816
5621,сухой,suhoy,shy,817
5622,сцена,stsena,sts,818
5623,сын,syn,syn,819
5624,сыпать,sypat,syp,820
5625,сыр,syr,syr,821
5626,таблетка,tabletka,tbl,822
5631,табличка,tablichka,tbc,
5632,табуретка,taburetka,tbr,823
5633,таз,taz,taz,824
5634,тайга,tayga,tyg,
5635,тайна,tayna,tyn,
5636,такси,taksi,tks,825
5641,талия,taliya,tli,
5642,танец,tanets,tts,826
5643,танк,tank,tnk,
5644,тапочка,tapochka,tpc,827
5645,тарелка,tarelka,trl,828
5646,таять,tayat,tat,829
5651,твёрдый,tvyordyy,tvy,830
5652,творог,tvorog,tvr,831
5653,театр,teatr,ttr,832
5654,текст,tekst,tkt,
5655,телевизор,televizor,tlv,833
5656,телега,telega,tlg,834
5661,телескоп,teleskop,tel,835
5662,телефон,telefon,tlf,836
5663,тело,telo,tlo,837
5664,теннис,tennis,tnn,
5665,тень,ten,ten,838
5666,тёплый,tyoplyy,tpy,839
6111,тёрка,tyorka,trk,840
6112,термос,termos,trm,841
6113,тесный,tesnyy,tsn,
6114,тесто,testo,tst,842
6115,тетрадь,tetrad,ttd,843
6116,тётя,tyotya,tty,844
6121,течь,tech,tch,
6122,тигр,tigr,tgr,845
6123,тиски,tiski,tsk,846
6124,тихий,tihiy,thy,847
6125,тлеть,tlet,tlt,
6126,толкать,tolkat,tlk,
6131,толпа,tolpa,tlp,848
6132,толстый,tolstyy,tls,849
6133,томат,tomat,tmt,850
6134,тонкий,tonkiy,tny,
6135,тоннель,tonnel,tnl,851
6136,топать,topat,tpt,852
6141,тополь,topol,tpl,853
6142,топор,topor,tpr,854
6143,торт,tort,trt,855
6144,точка,tochka,tck,856
6145,трава,trava,trv,857
6146,трактор,traktor,trr,858
6151,трамвай,tramvay,tmv,859
6152,тренер,trener,tnr,
6153,треугольник,treugolnik,trg,860
6154,трещина,treshchina,tsc,
6155,трон,tron,trn,861
6156,тропа,tropa,trp,862
6161,трость,trost,trs,863
6162,тротуар,trotuar,tro,864
6163,труба,truba,trb,865
6164,трясти,tryasti,try,866
6165,туман,tuman,tmn,867
6166,тумбочка,tumbochka,tmb,868
6211,тундра,tundra,tnd,869
6212,тунец,tunets,tun,870
6213,турист,turist,tur,871
6214,туфля,tuflya,tfl,872
6215,тыква,tykva,tkv,873
6216,тьма,tma,tma,
6221,тюбик,tyubik,tbk,874
6222,тюлень,tyulen,tln,875
6223,тюльпан,tyulpan,tyu,876
6224,тяжёлый,tyazhyolyy,tzh,
6225,тянуть,tyanut,tnt,877
6226,угол,ugol,ugl,878
6231,удача,udacha,udc,
6232,удочка,udochka,udk,879
6233,ужин,uzhin,uzh,880
6234,узел,uzel,uzl,881
6235,узкий,uzkiy,uzk,
6236,укроп,ukrop,ukr,882
6241,уксус,uksus,uks,
6242,улей,uley,uly,883
6243,улитка,ulitka,ult,884
6244,улица,ulitsa,uts,885
6245,улыбка,ulybka,ulb,886
6246,умный,umnyy,umn,
6251,урна,urna,urn,
6252,успех,uspeh,usp,
6253,усы,usy,usy,887
6254,утка,utka,utk,888
6255,утро,utro,utr,889
6256,утюг,utyug,utg,890
6261,ухо,uho,uho,891
6262,учёный,uchyonyy,ucn,892
6263,учитель,uchitel,uch,893
6264,факел,fakel,fkl,894
6265,фамилия,familiya,fml,
6266,фанера,fanera,fne,895
6311,фара,fara,fra,896
6312,фартук,fartuk,frt,897
6313,фарш,farsh,frs,
6314,фасоль,fasol,fsl,898
6315,февраль,fevral,fvr,
6316,фен,fen,fen,899
6321,ферма,ferma,frm,
6322,фея,feya,fey,900
6323,фиалка,fialka,flk,901
6324,фильм,film,flm,902
6325,фильтр,filtr,flr,903
6326,финик,finik,fnk,904
6331,фиолетовый,fioletovyy,flv,
6332,фишка,fishka,fsh,
6333,флаг,flag,flg,905
6334,фламинго,flamingo,fln,906
6335,флейта,fleyta,fly,907
6336,флот,flot,flt,908
6341,фляга,flyaga,fla,909
6342,фокусник,fokusnik,fks,
6343,фольга,folga,fol,910
6344,фонарь,fonar,fnr,911
6345,фонтан,fontan,fnt,912
6346,фото,foto,fto,913
6351,фургон,furgon,frg,914
6352,футбол,futbol,ftb,915
6353,халат,halat,hlt,916
6354,хаос,haos,has,
6355,хвост,hvost,hvs,917
6356,хвоя,hvoya,hvo,
6361,хлеб,hleb,hlb,918
6362,хлопать,hlopat,hlp,919
6363,хобот,hobot,hbt,920
6364,хоккей,hokkey,hkk,
6365,холм,holm,hlm,921
6366,холодильник,holodilnik,hld,922
6411,холст,holst,hls,
6412,хомяк,homyak,hmk,923
6413,хор,hor,hor,924
6414,хрупкий,hrupkiy,hrp,
6415,хруст,hrust,hrs,
6416,царапина,tsarapina,tpn,
6421,царь,tsar,tsr,925
6422,целый,tselyy,tsy,
6423,цель,tsel,tsl,
6424,цепь,tsep,tsp,926
6425,цех,tseh,tsh,927
6426,цилиндр,tsilindr,tsd,928
6431,цирк,tsirk,tsi,929
6432,циркуль,tsirkul,tsu,930
6433,цифра,tsifra,tsf,
6434,чай,chay,chy,931
6435,чайка,chayka,cyk,932
6436,час,chas,chs,933
6441,частый,chastyy,csy,
6442,чашка,chashka,csk,934
6443,чек,chek,chk,
6444,челюсть,chelyust,cls,935
6445,чемодан,chemodan,chm,936
6446,чемпион,chempion,cmp,937
6451,чердак,cherdak,crd,938
6452,черепаха,cherepaha,crp,939
6453,чернила,chernila,crl,940
6454,чёрный,chyornyy,chr,941
6455,чертёж,chertyozh,crt,
6456,чеснок,chesnok,csn,942
6461,четверг,chetverg,ctv,
6462,чехол,chehol,chh,943
6463,чешуя,cheshuya,csu,944
6464,чистый,chistyy,chi,945
6465,читать,chitat,cht,946
6466,чудо,chudo,chd,
6511,чулок,chulok,chl,947
6512,шаблон,shablon,sbl,
6513,шаг,shag,shg,948
6514,шайба,shayba,syb,949
6515,шалаш,shalash,sal,950
6516,шампунь,shampun,smp,951
6521,шапка,shapka,sap,952
6522,шар,shar,shr,953
6523,шарф,sharf,srf,954
6524,шахматы,shahmaty,sma,955
6525,шахта,shahta,shh,956
6526,шёлк,shyolk,slk,957
6531,шёпот,shyopot,sop,958
6532,шерсть,sherst,srs,959
6533,шершавый,shershavyy,ssy,960
6534,шест,shest,shs,961
6535,шестерёнка,shesteryonka,snk,
6536,шея,sheya,she,962
6541,шина,shina,shn,
6542,шип,ship,shp,
6543,широкий,shirokiy,sky,
6544,шить,shit,sht,963
6545,шишка,shishka,ssk,964
6546,шкатулка,shkatulka,sul,965
6551,шкаф,shkaf,shk,966
6552,школа,shkola,sho,967
6553,шланг,shlang,slg,968
6554,шлем,shlem,shl,969
6555,шляпа,shlyapa,slp,970
6556,шнурок,shnurok,snr,971
6561,шоколад,shokolad,shd,972
6562,шорох,shoroh,srh,
6563,шорты,shorty,srt,973
6564,шоссе,shosse,sss,974
6565,шпала,shpala,spl,
6566,штанга,shtanga,stg,975
6611,штаны,shtany,san,976
6612,штора,shtora,sor,977
6613,шторм,shtorm,srm,
6614,шуба,shuba,shb,978
6615,шум,shum,shm,
6616,шутка,shutka,shu,
6621,щека,shcheka,sck,
6622,щелчок,shchelchok,scc,
6623,щель,shchel,scl,979
6624,щётка,shchyotka,scy,980
6625,щипцы,shchiptsy,scp,981
6626,щит,shchit,shc,982
6631,щука,shchuka,scu,983
6632,экзамен,ekzamen,ekz,
6633,экран,ekran,ekr,
6634,экскаватор,ekskavator,eks,984
6635,эра,era,era,
6636,эскалатор,eskalator,esk,985
6641,этаж,etazh,etz,986
6642,этикетка,etiketka,etk,
6643,эхо,eho,eho,
6644,юбка,yubka,ybk,987
6645,юг,yug,yug,988
6646,юла,yula,yla,989
6651,яблоко,yabloko,ybl,990
6652,ядро,yadro,ydr,991
6653,язык,yazyk,yzk,992
6654,яйцо,yaytso,yyt,993
6655,якорь,yakor,ykr,994
6656,яма,yama,yma,
6661,январь,yanvar,ynv,
6662,янтарь,yantar,ynt,995
6663,яркий,yarkiy,yrk,996
6664,ясный,yasnyy,ysn,997
6665,ящерица,yashcheritsa,ysr,998
6666,ящик,yashchik,ysh,999
