Number,word,transliteration,abbreviation
20,абрикос,abrikos,
69,август,avgust,
122,автобус,avtobus,
168,автомобиль,avtomobil,
309,адрес,adres,
348,аист,aist,
351,айсберг,aysberg,
360,акваланг,akvalang,
365,аквариум,akvarium,
400,акробат,akrobat,
418,актёр,aktyor,
446,акула,akula,
517,алмаз,almaz,
521,алоэ,aloe,
526,алфавит,alfavit,
567,алюминий,alyuminiy,
574,амбар,ambar,
658,ананас,ananas,
675,ангар,angar,
742,антенна,antenna,
776,антилопа,antilopa,
859,апельсин,apelsin,
898,апрель,aprel,
907,аптека,apteka,
926,арахис,arahis,
937,арбуз,arbuz,
982,арка,arka,
998,армия,armiya,
1137,асфальт,asfalt,
1155,атлет,atlet,
1161,атом,atom,
1258,аэропорт,aeroport,
1278,бабочка,babochka,
1283,бабушка,babushka,
1332,баклажан,baklazhan,
1354,баланс,balans,
1371,балкон,balkon,
1379,баллон,ballon,
1396,бамбук,bambuk,
1403,банан,banan,
1419,банк,bank,
1439,бант,bant,
1443,баня,banya,
1448,барабан,baraban,
1505,барсук,barsuk,
1510,бархат,barhat,
1529,баскетбол,basketbol,
1541,бассейн,basseyn,
1554,батарея,batareya,
1568,батут,batut,
1601,башня,bashnya,
1605,баян,bayan,
1616,бегемот,begemot,
1646,бедро,bedro,
1652,бежать,bezhat,
1653,бежевый,bezhevyy,
1923,белка,belka,
1955,белый,belyy,
1970,бензин,benzin,
1978,берег,bereg,
1989,берёза,beryoza,
2022,беседка,besedka,
2235,бетон,beton,
2253,библиотека,biblioteka,
2285,билет,bilet,
2291,бильярд,bilyard,
2297,бинокль,binokl,
2299,бинт,bint,
2347,бисер,biser,
2494,блеск,blesk,
2511,близкий,blizkiy,
2522,блик,blik,
2524,блин,blin,
2541,блокнот,bloknot,
2547,блондин,blondin,
2565,блюдце,blyudtse,
2575,боб,bob,
2577,бобёр,bobyor,
2685,бокал,bokal,
2688,бокс,boks,
2719,болото,boloto,
2721,болт,bolt,
2733,больница,bolnitsa,
2753,большой,bolshoy,
2782,бордюр,bordyur,
2802,борода,boroda,
2842,ботинок,botinok,
2850,бочка,bochka,
2893,браслет,braslet,
2896,брат,brat,
2919,бревно,brevno,
2936,брелок,brelok,
2977,брить,brit,
2984,бровь,brov,
3009,бронза,bronza,
3019,броня,bronya,
3061,брюнет,bryunet,
3089,бугор,bugor,
3103,будка,budka,
3128,буква,bukva,
3134,букет,buket,
3152,булавка,bulavka,
3159,булочка,bulochka,
3180,бумага,bumaga,
3185,бумеранг,bumerang,
3190,бункер,bunker,
3240,бусы,busy,
3245,бутерброд,buterbrod,
3250,бутон,buton,
3252,бутылка,butylka,
3274,бухта,buhta,
3308,быстрый,bystryy,
3355,вагон,vagon,
3367,ваза,vaza,
3381,вакцина,vaktsina,
3435,ванна,vanna,
3453,варенье,varenye,
3482,вата,vata,
3496,вафля,vaflya,
3631,ведро,vedro,
3637,веер,veer,
3652,веко,veko,
3693,велосипед,velosiped,
3716,венок,venok,
3721,вентилятор,ventilyator,
3733,вера,vera,
3737,верблюд,verblyud,
3744,верёвка,veryovka,
3805,вертолёт,vertolyot,
3850,весло,veslo,
3851,весна,vesna,
3872,весы,vesy,
3880,ветер,veter,
3887,ветка,vetka,
3910,вечер,vecher,
3923,вешалка,veshalka,
4179,видеть,videt,
4227,вилка,vilka,
4253,виноград,vinograd,
4306,висок,visok,
4313,витамин,vitamin,
4324,витрина,vitrina,
4334,вихрь,vihr,
4346,вишня,vishnya,
4426,власть,vlast,
4544,внук,vnuk,
4604,вода,voda,
4629,водолаз,vodolaz,
4638,водопад,vodopad,
4651,водоросль,vodorosl,
4778,воздух,vozduh,
4892,вокзал,vokzal,
4903,волейбол,voleybol,
4909,волк,volk,
4911,волна,volna,
4937,волос,volos,
5028,вопрос,vopros,
5043,воробей,vorobey,
5060,ворона,vorona,
5065,воронка,voronka,
5071,ворота,vorota,
5096,воск,vosk,
5105,воскресенье,voskresenye,
5189,восток,vostok,
5375,врач,vrach,
5578,вспышка,vspyshka,
5668,вторник,vtornik,
5699,вулкан,vulkan,
5790,вывеска,vyveska,
6338,высокий,vysokiy,
6653,газ,gaz,
6656,газета,gazeta,
6674,газон,gazon,
6694,гайка,gayka,
6699,галактика,galaktika,
6728,галоша,galosha,
6730,галстук,galstuk,
6739,гамак,gamak,
6751,гантель,gantel,
6752,гараж,garazh,
6825,гвоздь,gvozd,
6844,гель,gel,
6854,ген,gen,
6863,генерал,general,
6889,гений,geniy,
6949,гепард,gepard,
6956,герб,gerb,
7025,гигант,gigant,
7074,гимн,gimn,
7116,гипс,gips,
7118,гирлянда,girlyanda,
7121,гиря,girya,
7127,гитара,gitara,
7161,гладкий,gladkiy,
7168,глаз,glaz,
7194,глина,glina,
7210,глобус,globus,
7217,глоток,glotok,
7223,глубокий,glubokiy,
7262,глыба,glyba,
7286,гнездо,gnezdo,
7307,гном,gnom,
7336,говорить,govorit,
7349,год,god,
7369,голень,golen,
7380,голова,golova,
7411,голос,golos,
7432,голубь,golub,
7439,гольф,golf,
7465,гонг,gong,
7478,гончар,gonchar,
7488,гора,gora,
7530,горизонт,gorizont,
7543,горло,gorlo,
7571,город,gorod,
7585,горох,goroh,
7595,горсть,gorst,
7606,горшок,gorshok,
7608,горький,gorkiy,
7620,горячий,goryachiy,
7682,гость,gost,
7716,грабли,grabli,
7763,гранат,granat,
7775,гранит,granit,
7831,грести,gresti,
7845,гречка,grechka,
7853,гриб,grib,
7861,грива,griva,
7894,гроздь,grozd,
7907,громкий,gromkiy,
7955,грудь,grud,
7957,груз,gruz,
7995,грусть,grust,
7996,груша,grusha,
8006,грядка,gryadka,
8020,губа,guba,
8086,гусеница,gusenitsa,
8094,густой,gustoy,
8098,гусь,gus,
8138,далёкий,dalyokiy,
8162,дамба,damba,
8223,дверь,dver,
8228,двигать,dvigat,
8250,двор,dvor,
8364,девочка,devochka,
8394,дед,ded,
8445,декабрь,dekabr,
8511,дельфин,delfin,
8578,день,den,
8619,деревня,derevnya,
8665,десна,desna,
8804,джунгли,dzhungli,
8847,диван,divan,
8939,динозавр,dinozavr,
8970,дирижёр,dirizhyor,
8977,диск,disk,
9096,длинный,dlinnyy,
9114,дно,dno,
9145,добро,dobro,
9270,дождь,dozhd,
9365,долгий,dolgiy,
9401,долина,dolina,
9413,доля,dolya,
9414,дом,dom,
9429,домино,domino,
9482,донор,donor,
9553,дорога,doroga,
9580,доска,doska,
9693,дочь,doch,
9715,дракон,drakon,
9776,дрель,drel,
9802,дрова,drova,
9810,дрожать,drozhat,
9823,друг,drug,
9859,дуб,dub,
9881,дуга,duga,
9905,дупло,duplo,
9941,духи,duhi,
9953,душ,dush,
9991,дым,dym,
10002,дыня,dynya,
10003,дыра,dyra,
10016,дышать,dyshat,
10034,дюна,dyuna,
10044,дядя,dyadya,
10045,дятел,dyatel,
10122,ёж,yozh,
10172,ёлка,yolka,
10185,енот,enot,
10227,ехать,ehat,
10235,жабра,zhabra,
10325,железо,zhelezo,
10345,жёлтый,zhyoltyy,
10357,жемчуг,zhemchug,
10360,жена,zhena,
10397,жест,zhest,
10411,жетон,zheton,
10413,жечь,zhech,
10435,живот,zhivot,
10456,жидкий,zhidkiy,
10482,жизнь,zhizn,
10485,жилет,zhilet,
10504,жираф,zhiraf,
10538,жонглёр,zhonglyor,
10549,жук,zhuk,
10560,журнал,zhurnal,
10643,забор,zabor,
10649,забота,zabota,
10782,завод,zavod,
10822,завтрак,zavtrak,
11184,закат,zakat,
11252,закон,zakon,
11343,зал,zal,
11500,замок,zamok,
11615,запад,zapad,
11653,запах,zapah,
12196,затылок,zatylok,
12384,заяц,zayats,
12390,звезда,zvezda,
12403,звено,zveno,
12423,звон,zvon,
12455,здоровье,zdorovye,
12467,зебра,zebra,
12482,зелёный,zelyonyy,
12506,земля,zemlya,
12527,зеркало,zerkalo,
12532,зерно,zerno,
12539,зефир,zefir,
12544,зима,zima,
12616,змея,zmeya,
12619,знак,znak,
12682,золото,zoloto,
12708,зонт,zont,
12714,зоопарк,zoopark,
12739,зуб,zub,
12785,ива,iva,
12795,игла,igla,
12872,идти,idti,
12882,иероглиф,ieroglif,
13229,изумруд,izumrud,
13258,изюм,izyum,
13278,икра,ikra,
13396,имя,imya,
13433,индейка,indeyka,
13482,иней,iney,
13491,инженер,inzhener,
13569,институт,institut,
13825,искра,iskra,
14122,июль,iyul,
14124,июнь,iyun,
14129,йога,yoga,
14130,йогурт,yogurt,
14137,кабан,kaban,
14144,кабачок,kabachok,
14151,кабинет,kabinet,
14155,каблук,kabluk,
14192,кадр,kadr,
14248,кактус,kaktus,
14260,календарь,kalendar,
14315,камень,kamen,
14329,камин,kamin,
14343,камыш,kamysh,
14349,канал,kanal,
14355,канарейка,kanareyka,
14357,канат,kanat,
14371,канистра,kanistra,
14438,капля,kaplya,
14442,капот,kapot,
14456,капуста,kapusta,
14463,капюшон,kapyushon,
14471,караван,karavan,
14484,карандаш,karandash,
14552,карман,karman,
14558,карнавал,karnaval,
14568,карта,karta,
14593,картофель,kartofel,
14602,карусель,karusel,
14604,карьер,karyer,
14615,каска,kaska,
14620,касса,kassa,
14641,кастрюля,kastryulya,
14685,катер,kater,
14693,катить,katit,
14707,катушка,katushka,
14728,качели,kacheli,
14737,каша,kasha,
14749,каштан,kashtan,
14758,квадрат,kvadrat,
14780,квартира,kvartira,
14790,квас,kvas,
14814,кекс,keks,
14827,кенгуру,kenguru,
14831,кепка,kepka,
14833,керамика,keramika,
14847,кефир,kefir,
14957,кипеть,kipet,
14975,кирпич,kirpich,
14998,кислый,kislyy,
15004,кисть,kist,
15005,кит,kit,
15027,клавиша,klavisha,
15071,клевер,klever,
15085,клей,kley,
15093,клён,klyon,
15099,клетка,kletka,
15129,клин,klin,
15166,клоун,kloun,
15175,клубника,klubnika,
15181,клумба,klumba,
15186,клюв,klyuv,
15190,клюква,klyukva,
15193,ключ,klyuch,
15199,клюшка,klyushka,
15214,книга,kniga,
15230,кнопка,knopka,
15243,князь,knyaz,
15244,коала,koala,
15265,ковёр,kovyor,
15278,ковш,kovsh,
15305,кожа,kozha,
15316,коза,koza,
15350,кокон,kokon,
15351,кокос,kokos,
15364,колбаса,kolbasa,
15386,колено,koleno,
15395,колесо,koleso,
15438,колодец,kolodets,
15441,колокол,kolokol,
15462,колос,kolos,
15476,колпак,kolpak,
15489,колыбель,kolybel,
15505,кольцо,koltso,
15511,коляска,kolyaska,
15513,ком,kom,
15532,комар,komar,
15559,комета,kometa,
15616,комната,komnata,
15635,компас,kompas,
15681,компот,kompot,
15691,компьютер,kompyuter,
15720,конверт,konvert,
15761,конец,konets,
15854,конструктор,konstruktor,
15944,контур,kontur,
15948,конус,konus,
15959,конфета,konfeta,
16005,концерт,kontsert,
16048,копать,kopat,
16055,копилка,kopilka,
16077,копыто,kopyto,
16079,копьё,kopyo,
16080,кора,kora,
16086,корабль,korabl,
16087,коралл,korall,
16104,корень,koren,
16111,корзина,korzina,
16115,коридор,koridor,
16122,корица,koritsa,
16124,коричневый,korichnevyy,
16148,коробка,korobka,
16152,корова,korova,
16165,корона,korona,
16174,короткий,korotkiy,
16248,коса,kosa,
16261,косметика,kosmetika,
16280,космос,kosmos,
16299,костёр,kostyor,
16311,кость,kost,
16312,костюм,kostyum,
16329,котёл,kotyol,
16338,котлета,kotleta,
16348,кофе,kofe,
16378,кошелёк,koshelyok,
16383,кошка,koshka,
16396,краб,krab,
16421,кран,kran,
16448,краска,kraska,
16485,красный,krasnyy,
16497,кратер,krater,
16518,креветка,krevetka,
16532,крем,krem,
16573,кресло,kreslo,
16575,крест,krest,
16616,кривой,krivoy,
16624,крик,krik,
16642,кристалл,kristall,
16670,кровать,krovat,
16702,крокодил,krokodil,
16726,кроссовок,krossovok,
16727,крот,krot,
16739,крошка,kroshka,
16741,круг,krug,
16795,крутить,krutit,
16812,крыло,krylo,
16824,крыша,krysha,
16829,крюк,kryuk,
16851,куб,kub,
16873,кувшин,kuvshin,
16884,кудри,kudri,
16891,кузнец,kuznets,
16904,кукла,kukla,
16911,кукуруза,kukuruza,
16914,кукушка,kukushka,
16915,кулак,kulak,
17000,купить,kupit,
17006,купол,kupol,
17012,купюра,kupyura,
17037,курица,kuritsa,
17060,куртка,kurtka,
17070,курьер,kuryer,
17082,кусок,kusok,
17084,куст,kust,
17107,кухня,kuhnya,
17134,лабиринт,labirint,
17142,лава,lava,
17145,лавина,lavina,
17148,лавка,lavka,
17161,лагерь,lager,
17175,ладонь,ladon,
17188,лазер,lazer,
17223,лампа,lampa,
17235,ландыш,landysh,
17251,лапша,lapsha,
17264,ласт,last,
17267,ласточка,lastochka,
17305,лебедь,lebed,
17308,лев,lev,
17324,левый,levyy,
17345,лёгкий,lyogkiy,
17367,лёд,lyod,
17390,лежать,lezhat,
17394,лезвие,lezvie,
17427,лён,lyon,
17430,ленивец,lenivets,
17446,лента,lenta,
17457,лепесток,lepestok,
17461,лепёшка,lepyoshka,
17477,леска,leska,
17529,лестница,lestnitsa,
17542,лететь,letet,
17547,лето,leto,
17579,лиана,liana,
17631,лилия,liliya,
17639,лимон,limon,
17653,линейка,lineyka,
17657,линза,linza,
17671,липкий,lipkiy,
17686,лиса,lisa,
17691,лист,list,
17740,лить,lit,
17744,лифт,lift,
17781,лицо,litso,
17803,лоб,lob,
17828,ловкость,lovkost,
17851,лодка,lodka,
17866,ложка,lozhka,
17885,локоть,lokot,
17888,лом,lom,
17910,лопасть,lopast,
17911,лопата,lopata,
17920,лопух,lopuh,
17929,лоскут,loskut,
17935,лосось,losos,
17936,лось,los,
17943,лотос,lotos,
17957,лошадь,loshad,
17973,лужа,luzha,
17995,луна,luna,
18003,лупа,lupa,
18006,луч,luch,
18021,лыжа,lyzha,
18082,любовь,lyubov,
18105,люк,lyuk,
18117,люстра,lyustra,
18135,лягушка,lyagushka,
18144,лямка,lyamka,
18156,магазин,magazin,
18179,магнит,magnit,
18215,мазь,maz,
18216,май,may,
18225,мак,mak,
18274,малина,malina,
18346,мальчик,malchik,
18362,мама,mama,
18374,мамонт,mamont,
18383,манго,mango,
18384,мандарин,mandarin,
18400,манекен,maneken,
18410,маникюр,manikyur,
18450,марафон,marafon,
18496,мармелад,marmelad,
18507,март,mart,
18521,маршрут,marshrut,
18527,маска,maska,
18546,масло,maslo,
18554,массаж,massazh,
18619,материк,materik,
18640,матрас,matras,
18684,мачта,machta,
18702,маяк,mayak,
18704,маятник,mayatnik,
18727,мёд,myod,
18729,медаль,medal,
18734,медведь,medved,
18776,медуза,meduza,
18834,мел,mel,
18884,мельница,melnitsa,
18932,меню,menyu,
19041,метать,metat,
19056,метеорит,meteorit,
19072,метла,metla,
19094,метро,metro,
19104,мех,meh,
19121,меч,mech,
19125,мечта,mechta,
19140,мешок,meshok,
19156,мигать,migat,
19191,микроскоп,mikroskop,
19199,микрофон,mikrofon,
19268,миндаль,mindal,
19324,минута,minuta,
19330,мир,mir,
19331,мираж,mirazh,
19362,миска,miska,
19393,миф,mif,
19591,мозаика,mozaika,
19593,мозг,mozg,
19607,мокрый,mokryy,
19636,молния,molniya,
19663,молоко,moloko,
19670,молоток,molotok,
19718,монета,moneta,
19797,море,more,
19805,морж,morzh,
19812,морковь,morkov,
19814,мороженое,morozhenoe,
19846,морщина,morshchina,
19862,мост,most,
19887,мотор,motor,
19898,мотоцикл,mototsikl,
19905,мох,moh,
19914,мочалка,mochalka,
19949,мрамор,mramor,
19975,муж,muzh,
19996,музей,muzey,
20001,музыка,muzyka,
20010,мука,muka,
20040,муравей,muravey,
20058,мускул,muskul,
20096,муха,muha,
20129,мыло,mylo,
20143,мысль,mysl,
20164,мышь,mysh,
20174,мягкий,myagkiy,
20189,мясо,myaso,
20195,мята,myata,
20202,мять,myat,
20207,мяч,myach,
20444,надежда,nadezhda,
21041,народ,narod,
21174,насос,nasos,
21419,начало,nachalo,
21512,небо,nebo,
21565,невеста,nevesta,
21727,неделя,nedelya,
22696,нерв,nerv,
23092,нефть,neft,
23186,низкий,nizkiy,
23244,нить,nit,
23322,новый,novyy,
23324,нога,noga,
23326,ноготь,nogot,
23329,нож,nozh,
23362,нора,nora,
23391,нос,nos,
23404,носок,nosok,
23405,носорог,nosorog,
23411,нота,nota,
23429,ночь,noch,
23435,ноябрь,noyabr,
23477,нырять,nyryat,
23498,няня,nyanya,
23499,оазис,oazis,
23580,обед,obed,
23611,обезьяна,obezyana,
23754,облако,oblako,
23910,обнимать,obnimat,
24058,обочина,obochina,
24415,овал,oval,
24422,овёс,ovyos,
24436,овраг,ovrag,
24441,овца,ovtsa,
24501,огонь,ogon,
24550,огурец,ogurets,
24584,одеяло,odeyalo,
24682,одуванчик,oduvanchik,
24758,озеро,ozero,
24817,океан,okean,
24845,окно,okno,
24939,октябрь,oktyabr,
24949,окунь,okun,
24971,олень,olen,
24973,олива,oliva,
25336,оранжевый,oranzhevyy,
25397,орёл,oryol,
25454,орхидея,orhideya,
25516,осёл,osyol,
25521,осень,osen,
25554,осколок,oskolok,
25721,остров,ostrov,
25740,острый,ostryy,
25776,осьминог,osminog,
25849,отвёртка,otvyortka,
25979,отель,otel,
26659,офис,ofis,
26661,офицер,ofitser,
26668,официант,ofitsiant,
26708,охота,ohota,
26791,очки,ochki,
26849,павлин,pavlin,
26883,пакет,paket,
26898,палатка,palatka,
26914,палец,palets,
26917,палитра,palitra,
26931,пальма,palma,
26936,пальто,palto,
26987,пантера,pantera,
26991,панцирь,pantsir,
26992,папа,papa,
27008,папоротник,paporotnik,
27014,пар,par,
27057,парашют,parashyut,
27074,парик,parik,
27086,парк,park,
27092,парковка,parkovka,
27120,пароль,parol,
27121,паром,parom,
27165,парус,parus,
27191,пасмурный,pasmurnyy,
27193,паспорт,pasport,
27200,пассажир,passazhir,
27228,пастух,pastuh,
27298,паук,pauk,
27331,паяльник,payalnik,
27350,педаль,pedal,
27383,пеликан,pelikan,
27386,пельмень,pelmen,
27388,пена,pena,
27418,пень,pen,
27425,пепел,pepel,
28079,переулок,pereulok,
28102,перец,perets,
28147,перламутр,perlamutr,
28159,перо,pero,
28175,персик,persik,
28204,перчатка,perchatka,
28223,песок,pesok,
28254,петля,petlya,
28262,петрушка,petrushka,
28268,петь,pet,
28288,печать,pechat,
28293,печень,pechen,
28301,печь,pech,
28312,пещера,peshchera,
28342,пиджак,pidzhak,
28347,пижама,pizhama,
28371,пикник,piknik,
28377,пила,pila,
28386,пилот,pilot,
28399,пингвин,pingvin,
28413,пипетка,pipetka,
28416,пирамида,piramida,
28428,пирог,pirog,
28451,писать,pisat,
28454,писк,pisk,
28487,пить,pit,
28497,пицца,pitstsa,
28538,плакат,plakat,
28556,планета,planeta,
28580,пластик,plastik,
28608,платина,platina,
28624,платье,platye,
28642,плащ,plashch,
28666,племя,plemya,
28676,плёнка,plyonka,
28706,плечо,plecho,
28711,плита,plita,
28744,плот,plot,
28749,плотник,plotnik,
28767,площадь,ploshchad,
28775,плыть,plyt,
28791,пляж,plyazh,
28816,победа,pobeda,
28892,повар,povar,
28988,поворот,povorot,
29072,погода,pogoda,
29157,подарок,podarok,
29186,подвал,podval,
29390,подкова,podkova,
29521,поднос,podnos,
29744,подсолнух,podsolnuh,
29844,подушка,podushka,
29918,поезд,poezd,
29967,поза,poza,
30002,поздний,pozdniy,
30141,покой,pokoy,
30232,пол,pol,
30256,поле,pole,
30286,ползти,polzti,
30374,полиция,politsiya,
30383,полка,polka,
30433,полный,polnyy,
30439,половина,polovina,
30471,полоса,polosa,
30482,полотенце,polotentse,
30668,помада,pomada,
30812,понедельник,ponedelnik,
30856,пончик,ponchik,
30996,попугай,popugay,
31082,порог,porog,
31114,порошок,poroshok,
31116,порт,port,
31129,портной,portnoy,
31185,порядок,poryadok,
31222,посёлок,posyolok,
31551,потолок,potolok,
31730,почерк,pocherk,
31762,почка,pochka,
31764,почта,pochta,
31831,поэт,poet,
31926,правый,pravyy,
31939,праздник,prazdnik,
32397,пресс,press,
32986,принтер,printer,
32994,принц,prints,
33122,природа,priroda,
33365,прицеп,pritsep,
33369,причал,prichal,
33385,причёска,prichyoska,
33422,прищепка,prishchepka,
33459,пробирка,probirka,
33462,пробка,probka,
33802,прозрачный,prozrachnyy,
34318,простыня,prostynya,
34622,пружина,pruzhina,
34635,прыгать,prygat,
34648,прядь,pryad,
34658,прямой,pryamoy,
34666,пряник,pryanik,
34673,прятать,pryatat,
34774,пуговица,pugovitsa,
34790,пузырь,puzyr,
34806,пульс,puls,
34811,пульт,pult,
34817,пунктир,punktir,
34826,пупок,pupok,
34851,пустой,pustoy,
34898,пух,puh,
34912,пушка,pushka,
34924,пчела,pchela,
34929,пшеница,pshenitsa,
34941,пылесос,pylesos,
34949,пыль,pyl,
34994,пюре,pyure,
35031,пятка,pyatka,
35035,пятница,pyatnitsa,
35038,пятно,pyatno,
35048,работа,rabota,
35121,радио,radio,
35177,радость,radost,
35178,радуга,raduga,
35863,район,rayon,
35872,рак,rak,
35874,ракета,raketa,
35886,раковина,rakovina,
35894,рамка,ramka,
35916,ранний,ranniy,
36229,рассказ,rasskaz,
36461,расчёска,raschyoska,
36547,рвать,rvat,
36568,реактор,reaktor,
36602,ребро,rebro,
36703,редис,redis,
36705,редкий,redkiy,
36724,режиссёр,rezhissyor,
36753,резина,rezina,
36808,река,reka,
36834,рекорд,rekord,
36868,рельс,rels,
36878,ремень,remen,
36899,рентген,rentgen,
36909,репа,repa,
36945,ресница,resnitsa,
36965,ресторан,restoran,
37018,рецепт,retsept,
37042,решётка,reshyotka,
37078,рис,ris,
37095,рисунок,risunok,
37097,ритм,ritm,
37112,рифма,rifma,
37126,робот,robot,
37136,ровный,rovnyy,
37139,рог,rog,
37198,рожь,rozh,
37199,роза,roza,
37221,рой,roy,
37249,роман,roman,
37264,ромашка,romashka,
37265,ромб,romb,
37310,рот,rot,
37331,рояль,royal,
37333,ртуть,rtut,
37340,рубашка,rubashka,
37346,рубин,rubin,
37369,руда,ruda,
37375,ружьё,ruzhyo,
37378,рука,ruka,
37414,рулон,rulon,
37417,руль,rul,
37434,русалка,rusalka,
37464,ручей,ruchey,
37514,рынок,rynok,
37522,рысь,rys,
37532,рыцарь,rytsar,
37533,рычаг,rychag,
37543,рюкзак,ryukzak,
37558,рябь,ryab,
37591,сад,sad,
37627,саксофон,saksofon,
37634,салат,salat,
37644,салфетка,salfetka,
37652,салют,salyut,
37724,самокат,samokat,
37731,самолёт,samolyot,
37847,сандалия,sandaliya,
37850,сани,sani,
37883,сапог,sapog,
37890,сарай,saray,
37930,сахар,sahar,
38042,свёкла,svyokla,
38118,свет,svet,
38156,светофор,svetofor,
38163,свеча,svecha,
38205,свист,svist,
38214,свитер,sviter,
38216,свиток,svitok,
38220,свобода,svoboda,
38281,связь,svyaz,
38410,север,sever,
38441,седло,sedlo,
38459,сейф,seyf,
38498,секунда,sekunda,
38532,сельдь,seld,
38568,семечко,semechko,
38585,семья,semya,
38597,сено,seno,
38613,сентябрь,sentyabr,
38627,сера,sera,
38656,сердце,serdtse,
38665,серебро,serebro,
38717,серый,seryy,
38718,серьга,serga,
38725,сестра,sestra,
38744,сеть,set,
38801,сидеть,sidet,
38813,сила,sila,
38893,синий,siniy,
38944,сирень,siren,
38948,сироп,sirop,
38973,сито,sito,
39013,скала,skala,
39017,скалка,skalka,
39048,скатерть,skatert,
39107,склад,sklad,
39147,скобка,skobka,
39155,сковорода,skovoroda,
39201,скорлупа,skorlupa,
39221,скорпион,skorpion,
39253,скрепка,skrepka,
39268,скрип,skrip,
39390,сладкий,sladkiy,
39416,след,sled,
39435,слеза,sleza,
39458,слесарь,slesar,
39466,слива,sliva,
39509,слово,slovo,
39533,слой,sloy,
39540,слон,slon,
39594,слышать,slyshat,
39641,смелый,smelyy,
39643,смена,smena,
39673,сметана,smetana,
39680,смех,smeh,
39718,смола,smola,
39734,смородина,smorodina,
39816,снег,sneg,
39883,собака,sobaka,
39941,сова,sova,
40125,сок,sok,
40128,сокол,sokol,
40156,солдат,soldat,
40184,солнце,solntse,
40191,соловей,solovey,
40196,солома,soloma,
40206,соль,sol,
40213,сом,som,
40343,сорока,soroka,
40364,сосед,sosed,
40394,сосна,sosna,
40448,сота,sota,
40471,соус,sous,
40608,спать,spat,
40614,спектакль,spektakl,
40696,спина,spina,
40702,спираль,spiral,
40728,спичка,spichka,
40918,среда,sreda,
41007,стадион,stadion,
41010,стадо,stado,
41018,стакан,stakan,
41128,старый,staryy,
41150,статуя,statuya,
41164,ствол,stvol,
41173,стебель,stebel,
41186,стекло,steklo,
41212,стена,stena,
41232,степь,step,
41306,стих,stih,
41345,стол,stol,
41346,столб,stolb,
41387,стопа,stopa,
41400,сторож,storozh,
41425,стоять,stoyat,
41446,страна,strana,
41477,страус,straus,
41503,стрекоза,strekoza,
41509,стрелка,strelka,
41558,строитель,stroitel,
41609,струна,struna,
41617,струя,struya,
41626,студент,student,
41637,стук,stuk,
41644,стул,stul,
41649,ступень,stupen,
41690,суббота,subbota,
41736,сугроб,sugrob,
41778,судья,sudya,
41833,сумка,sumka,
41848,сундук,sunduk,
41852,суп,sup,
41930,сухой,suhoy,
42022,сцена,stsena,
42099,сын,syn,
42107,сыпать,sypat,
42113,сыр,syr,
42159,таблетка,tabletka,
42162,табличка,tablichka,
42169,табуретка,taburetka,
42183,таз,taz,
42196,тайга,tayga,
42204,тайна,tayna,
42215,такси,taksi,
42243,талия,taliya,
42272,танец,tanets,
42275,танк,tank,
42295,тапочка,tapochka,
42310,тарелка,tarelka,
42349,таять,tayat,
42362,твёрдый,tvyordyy,
42375,творог,tvorog,
42381,театр,teatr,
42398,текст,tekst,
42418,телевизор,televizor,
42419,телега,telega,
42460,телескоп,teleskop,
42469,телефон,telefon,
42485,тело,telo,
42558,теннис,tennis,
42566,тень,ten,
42613,тёплый,tyoplyy,
42628,тёрка,tyorka,
42646,термос,termos,
42699,тесный,tesnyy,
42706,тесто,testo,
42725,тетрадь,tetrad,
42731,тётя,tyotya,
42762,течь,tech,
42771,тигр,tigr,
42817,тиски,tiski,
42838,тихий,tihiy,
42867,тлеть,tlet,
42913,толкать,tolkat,
42930,толпа,tolpa,
42948,толстый,tolstyy,
42961,томат,tomat,
42985,тонкий,tonkiy,
42992,тоннель,tonnel,
43001,топать,topat,
43023,тополь,topol,
43026,топор,topor,
43095,торт,tort,
43127,точка,tochka,
43141,трава,trava,
43190,трактор,traktor,
43195,трамвай,tramvay,
43322,тренер,trener,
43371,треугольник,treugolnik,
43409,трещина,treshchina,
43482,трон,tron,
43488,тропа,tropa,
43502,трость,trost,
43505,тротуар,trotuar,
43516,труба,truba,
43594,трясти,tryasti,
43628,туман,tuman,
43636,тумбочка,tumbochka,
43640,тундра,tundra,
43642,тунец,tunets,
43674,турист,turist,
43706,туфля,tuflya,
43740,тыква,tykva,
43759,тьма,tma,
43762,тюбик,tyubik,
43768,тюлень,tyulen,
43770,тюльпан,tyulpan,
43819,тяжёлый,tyazhyolyy,
43823,тянуть,tyanut,
44057,угол,ugol,
44131,удача,udacha,
44216,удочка,udochka,
44263,ужин,uzhin,
44273,узел,uzel,
44277,узкий,uzkiy,
44375,укроп,ukrop,
44391,уксус,uksus,
44408,улей,uley,
44418,улитка,ulitka,
44419,улица,ulitsa,
44441,улыбка,ulybka,
44530,умный,umnyy,
44804,урна,urna,
44933,успех,uspeh,
44835,усы,usy,
45087,утка,utka,
45141,утро,utro,
45152,утюг,utyug,
45183,ухо,uho,
45229,учёный,uchyonyy,
45239,учитель,uchitel,
45313,факел,fakel,
45348,фамилия,familiya,
45363,фанера,fanera,
45386,фара,fara,
45401,фартук,fartuk,
45406,фарш,farsh,
45412,фасоль,fasol,
45430,февраль,fevral,
45456,фен,fen,
45477,ферма,ferma,
45497,фея,feya,
45498,фиалка,fialka,
45589,фильм,film,
45590,фильтр,filtr,
45611,финик,finik,
45628,фиолетовый,fioletovyy,
45652,фишка,fishka,
45654,флаг,flag,
45664,фламинго,flamingo,
45675,флейта,fleyta,
45691,флот,flot,
45706,фляга,flyaga,
45718,фокусник,fokusnik,
45724,фольга,folga,
45733,фонарь,fonar,
45743,фонтан,fontan,
45813,фото,foto,
45945,фургон,furgon,
45953,футбол,futbol,
45997,халат,halat,
46035,хаос,haos,
46104,хвост,hvost,
46110,хвоя,hvoya,
46186,хлеб,hleb,
46210,хлопать,hlopat,
46259,хобот,hobot,
46296,хоккей,hokkey,
46308,холм,holm,
46315,холодильник,holodilnik,
46331,холст,holst,
46338,хомяк,homyak,
46341,хор,hor,
46451,хрупкий,hrupkiy,
46453,хруст,hrust,
46519,царапина,tsarapina,
46539,царь,tsar,
46617,целый,tselyy,
46618,цель,tsel,
46672,цепь,tsep,
46697,цех,tseh,
46722,цилиндр,tsilindr,
46735,цирк,tsirk,
46743,циркуль,tsirkul,
46769,цифра,tsifra,
46809,чай,chay,
46810,чайка,chayka,
46831,час,chas,
46855,частый,chastyy,
46868,чашка,chashka,
46879,чек,chek,
46912,челюсть,chelyust,
46915,чемодан,chemodan,
46917,чемпион,chempion,
46935,чердак,cherdak,
46949,черепаха,cherepaha,
46977,чернила,chernila,
47015,чёрный,chyornyy,
47026,чертёж,chertyozh,
47044,чеснок,chesnok,
47063,четверг,chetverg,
47102,чехол,chehol,
47115,чешуя,cheshuya,
47172,чистый,chistyy,
47180,читать,chitat,
47264,чудо,chudo,
47294,чулок,chulok,
47324,шаблон,shablon,
47327,шаг,shag,
47333,шайба,shayba,
47339,шалаш,shalash,
47363,шампунь,shampun,
47374,шапка,shapka,
47379,шар,shar,
47407,шарф,sharf,
47435,шахматы,shahmaty,
47436,шахта,shahta,
47489,шёлк,shyolk,
47508,шёпот,shyopot,
47522,шерсть,sherst,
47524,шершавый,shershavyy,
47525,шест,shest,
47529,шестерёнка,shesteryonka,
47554,шея,sheya,
47578,шина,shina,
47586,шип,ship,
47600,широкий,shirokiy,
47620,шить,shit,
47636,шишка,shishka,
47641,шкатулка,shkatulka,
47643,шкаф,shkaf,
47652,школа,shkola,
47668,шланг,shlang,
47670,шлем,shlem,
47688,шляпа,shlyapa,
47713,шнурок,shnurok,
47723,шоколад,shokolad,
47733,шорох,shoroh,
47736,шорты,shorty,
47738,шоссе,shosse,
47752,шпала,shpala,
47800,штанга,shtanga,
47808,штаны,shtany,
47828,штора,shtora,
47830,шторм,shtorm,
47868,шуба,shuba,
47875,шум,shum,
47903,шутка,shutka,
47936,щека,shcheka,
47955,щелчок,shchelchok,
47956,щель,shchel,
47976,щётка,shchyotka,
47983,щипцы,shchiptsy,
47985,щит,shchit,
47990,щука,shchuka,
48047,экзамен,ekzamen,
48100,экран,ekran,
48107,экскаватор,ekskavator,
48437,эра,era,
48464,эскалатор,eskalator,
48505,этаж,etazh,
48517,этикетка,etiketka,
48560,эхо,eho,
48570,юбка,yubka,
48576,юг,yug,
48594,юла,yula,
48644,яблоко,yabloko,
48680,ядро,yadro,
48689,язык,yazyk,
48704,яйцо,yaytso,
48709,якорь,yakor,
48718,яма,yama,
48728,январь,yanvar,
48731,янтарь,yantar,
48743,яркий,yarkiy,
48779,ясный,yasnyy,
48794,ящерица,yashcheritsa,
48796,ящик,yashchik,
